Cloud,purchaseType,payerGroup,purchaseAccountName,purchaseAccountID,scope,hourlyCommit,startDate,endDate,reservationType,Family,region,annualCost,status,key,name,DateLoaded,Renewal_Date,RenewalTimePeriod_CSP,instanceCount,discount%,purchaseExpectedSaving,purchaseCost,purchaseCoverageIncrease%,newTotalProductCoverage%,purchaseTicketID,Asset_Link
Azure,CSP,CVAD,xaxd-prod-aps-prodcp1aps,ec467f69-6351-4aa6-862b-28616dff0d3a,Shared,9,05-16-24,05-16-27,CSP,N/A,N/A,"$78,840",Active,AS-154503,SP_CTX_CVAD_3Y_05_15_24_EX35,29-09-2025 14:37,16-May-27,>90 Days,,40.00%,"$52,560.",,,,,https://csg-engops.atlassian.net/jira/servicedesk/assets/object/154503
Azure,CSP,CVAD,subscription-sbo-ct-prd-11761,11f09b46-0602-4066-8908-c4faff5f331f,Single subscription - subscription-sbo-ct-prd-11761,2,02-13-25,02-13-28,CSP,N/A,N/A,"$17,958",Active,AS-154459,Compute_SavingsPlan_02-14-2025_10-48,29-09-2025 14:37,13-Feb-28,>90 Days,,40.00%,"$11,972.",,,,,https://csg-engops.atlassian.net/jira/servicedesk/assets/object/154459
Azure,CSP,CVAD,ses-cicd-coretools-shared,22d01938-666f-47e4-b135-6034e961b532,Single subscription - ses-cicd-coretools-shared,3,02-13-25,02-13-28,CSP,N/A,N/A,"$26,280",Active,AS-154419,CSP_EOO_CT_02_14_2025,29-09-2025 14:37,13-Feb-28,>90 Days,,40.00%,"$17,520.",,,,,https://csg-engops.atlassian.net/jira/servicedesk/assets/object/154419
Azure,CSP,SBO,ses-prod-coretools-shared,756d660a-01ac-42ac-a885-dcf71cfc520e,Single subscription - ses-prod-coretools-shared,1,02-13-25,02-13-28,CSP,N/A,N/A,"$8,760",Active,AS-154417,CSP_EOO_CTPRD_02_14_2025,29-09-2025 14:37,13-Feb-28,>90 Days,,40.00%,"$5,840.",,,,,https://csg-engops.atlassian.net/jira/servicedesk/assets/object/154417
Azure,CSP,SBO,ses-prod-coretools-shared,756d660a-01ac-42ac-a885-dcf71cfc520e,Single subscription - ses-prod-coretools-shared,1,02-13-25,02-13-28,CSP,N/A,N/A,"$8,760",Active,AS-154416,CSP_EOO_CTPRD2_02_14_2025,29-09-2025 14:37,13-Feb-28,>90 Days,,40.00%,"$5,840.",,,,,https://csg-engops.atlassian.net/jira/servicedesk/assets/object/154416
Azure,CSP,SBO,ses-stage-coretools-shared,fe1dee8a-50ce-4389-98e2-42f80aacce31,Single subscription - ses-stage-coretools-shared,1,02-13-25,02-13-28,CSP,N/A,N/A,"$8,760",Active,AS-154418,CSP_EOO_CTSTG_02_14_2025,29-09-2025 14:37,13-Feb-28,>90 Days,,40.00%,"$5,840.",,,,,https://csg-engops.atlassian.net/jira/servicedesk/assets/object/154418
Azure,CSP,IT,sbo-prd-strongnetwork-13910,e4dc8d06-f827-439a-9970-7ad835e91083,Single subscription - sbo-prd-strongnetwork-13910,1,02-13-25,02-13-28,CSP,N/A,N/A,"$8,760",Active,AS-154420,CSP_EOO_StrongNet_02_14_2025,29-09-2025 14:37,13-Feb-28,>90 Days,,40.00%,"$5,840.",,,,,https://csg-engops.atlassian.net/jira/servicedesk/assets/object/154420
Azure,CSP,IT,subscription-csg-vdi-prd-84100,e6fe8132-f372-48a1-8381-ea7fe6c9cd09,Management group - CVAD,41,01-01-25,01-01-28,CSP,N/A,N/A,"$3,59,160",Active,AS-154421,CSP_EOO_VDI_01_02_2025,29-09-2025 14:37,01-Jan-28,>90 Days,,40.00%,"$2,39,440.",,,,,https://csg-engops.atlassian.net/jira/servicedesk/assets/object/154421
Azure,CSP,IT,subscription-citrix-vdi-prd-60012,283d3367-bf7b-49b8-983f-eab4106d3469,Management group - CVAD,41,12-11-24,12-11-27,CSP,N/A,N/A,"$3,59,160",Active,AS-154422,CSP_EOO_VDI_12_12_2024,29-09-2025 14:37,11-Dec-27,>90 Days,,40.00%,"$2,39,440.",,,,,https://csg-engops.atlassian.net/jira/servicedesk/assets/object/154422
Azure,CSP,CAS,Citrix Analytics Production 1 (AUT RnD) (Env Prod) (Production),0acc51a8-3378-4cdd-9b83-adf7e6042e9d,Management group - CAS Production/Staging,3,05-15-24,05-15-27,CSP,N/A,N/A,"$21,900",Active,AS-154468,SP_CTX_CAS_05_16_24_EX1,29-09-2025 14:37,15-May-27,>90 Days,,40.00%,"$14,600.",,,,,https://csg-engops.atlassian.net/jira/servicedesk/assets/object/154468
Azure,CSP,CAS,Citrix Analytics Production 1 (AUT RnD) (Env Prod) (Production),0acc51a8-3378-4cdd-9b83-adf7e6042e9d,Management group - CAS Production/Staging,2,05-16-24,05-16-27,CSP,N/A,N/A,"$15,768",Active,AS-154469,SP_CTX_CAS_05_17_24_EX2,29-09-2025 14:37,16-May-27,>90 Days,,40.00%,"$10,512.",,,,,https://csg-engops.atlassian.net/jira/servicedesk/assets/object/154469
Azure,CSP,CAS,Citrix Analytics Production 1 (AUT RnD) (Env Prod) (Production),0acc51a8-3378-4cdd-9b83-adf7e6042e9d,Management group - CAS Production/Staging,2,05-16-24,05-16-27,CSP,N/A,N/A,"$18,396",Active,AS-154470,SP_CTX_CAS_05_17_24_EX3,29-09-2025 14:37,16-May-27,>90 Days,,40.00%,"$12,264.",,,,,https://csg-engops.atlassian.net/jira/servicedesk/assets/object/154470
Azure,CSP,CAS,Citrix Analytics Production 1 (AUT RnD) (Env Prod) (Production),0acc51a8-3378-4cdd-9b83-adf7e6042e9d,Management group - CAS Production/Staging,12,05-16-24,05-16-27,CSP,N/A,N/A,"$1,03,368",Active,AS-154471,SP_CTX_CAS_05_17_24_EX4,29-09-2025 14:37,16-May-27,>90 Days,,40.00%,"$68,912.",,,,,https://csg-engops.atlassian.net/jira/servicedesk/assets/object/154471
Azure,CSP,CAS,Citrix Analytics Production 1 (AUT RnD) (Env Prod) (Production),0acc51a8-3378-4cdd-9b83-adf7e6042e9d,Management group - CAS Production/Staging,21,05-16-24,05-16-27,CSP,N/A,N/A,"$1,83,960",Active,AS-154472,SP_CTX_CAS_05_17_24_EX5,29-09-2025 14:37,16-May-27,>90 Days,,40.00%,"$1,22,640.",,,,,https://csg-engops.atlassian.net/jira/servicedesk/assets/object/154472
Azure,CSP,CCP,Production-APS,0e44ddc3-4591-40f4-83d9-efb0bad682c2,Management group - Citrix Cloud Platform (CCP),20,05-19-24,05-19-27,CSP,N/A,N/A,"$1,75,200",Active,AS-154473,SP_CTX_CCP_3Y_05_20_24_EX1,29-09-2025 14:37,19-May-27,>90 Days,,40.00%,"$1,16,800.",,,,,https://csg-engops.atlassian.net/jira/servicedesk/assets/object/154473
Azure,CSP,CCP,Production-EU (AUT COGS),4827319f-7f49-4956-a900-adca9a09919c,Management group - Citrix Cloud Platform (CCP),36,05-19-24,05-19-27,CSP,N/A,N/A,"$3,15,360",Active,AS-154474,SP_CTX_CCP_3Y_05_20_24_EX2,29-09-2025 14:37,19-May-27,>90 Days,,40.00%,"$2,10,240.",,,,,https://csg-engops.atlassian.net/jira/servicedesk/assets/object/154474
Azure,CSP,CCP,Production-JP,755a5bf9-05cb-43a7-b05d-09d24d61c71f,Management group - Citrix Cloud Platform (CCP),9,05-19-24,05-19-27,CSP,N/A,N/A,"$76,212",Active,AS-154475,SP_CTX_CCP_3Y_05_20_24_EX3,29-09-2025 14:37,19-May-27,>90 Days,,40.00%,"$50,808.",,,,,https://csg-engops.atlassian.net/jira/servicedesk/assets/object/154475
Azure,CSP,CCP,Production (AUT COGS),91cfc098-848a-4d52-bad4-87edac079107,Management group - Citrix Cloud Platform (CCP),32,05-19-24,05-19-27,CSP,N/A,N/A,"$2,80,320",Active,AS-154477,SP_CTX_CCP_3Y_05_20_24_EX4,29-09-2025 14:37,19-May-27,>90 Days,,40.00%,"$1,86,880.",,,,,https://csg-engops.atlassian.net/jira/servicedesk/assets/object/154477
Azure,CSP,CVAD,xaxd-prod-eu-prodcp1eu,8cb7fa5e-fb1a-434d-a3a1-c74eb0f74d6d,Management group - Tenant Root Group,54,05-14-24,05-14-27,CSP,N/A,N/A,"$4,73,040",Active,AS-154476,SP_CTX_CVAD_05_15_24_EX3,29-09-2025 14:37,14-May-27,>90 Days,,40.00%,"$3,15,360.",,,,,https://csg-engops.atlassian.net/jira/servicedesk/assets/object/154476
Azure,CSP,CVAD,xaxd-prod-us-prodcp7,a27fb4c1-1455-40ef-8136-e491a80f0276,Management group - Tenant Root Group,1,05-14-24,06-16-27,CSP,N/A,N/A,"$7,840",Active,AS-154478,SP_CTX_CVAD_3Y_05_15_24,29-09-2025 14:37,16-Jun-27,>90 Days,,40.00%,"$5,227.",,,,,https://csg-engops.atlassian.net/jira/servicedesk/assets/object/154478
Azure,CSP,CVAD,xaxd-prod-eu-prodcp7eu,edec8f56-70fc-44fd-abc8-98f9c2893012,Management group - Tenant Root Group,5,05-14-24,05-14-27,CSP,N/A,N/A,"$45,552",Active,AS-154479,SP_CTX_CVAD_3Y_05_15_24_EX10,29-09-2025 14:37,14-May-27,>90 Days,,40.00%,"$30,368.",,,,,https://csg-engops.atlassian.net/jira/servicedesk/assets/object/154479
Azure,CSP,CVAD,xaxd-prod-eu-prodcp7eu,edec8f56-70fc-44fd-abc8-98f9c2893012,Management group - Tenant Root Group,16,05-14-24,05-14-27,CSP,N/A,N/A,"$1,40,160",Active,AS-154480,SP_CTX_CVAD_3Y_05_15_24_EX11,29-09-2025 14:37,14-May-27,>90 Days,,40.00%,"$93,440.",,,,,https://csg-engops.atlassian.net/jira/servicedesk/assets/object/154480
Azure,CSP,CVAD,xaxd-prod-eu-prodcp1eu,8cb7fa5e-fb1a-434d-a3a1-c74eb0f74d6d,Management group - Tenant Root Group,7,05-14-24,05-14-27,CSP,N/A,N/A,"$56,940",Active,AS-154481,SP_CTX_CVAD_3Y_05_15_24_EX12,29-09-2025 14:37,14-May-27,>90 Days,,40.00%,"$37,960.",,,,,https://csg-engops.atlassian.net/jira/servicedesk/assets/object/154481
Azure,CSP,CVAD,xaxd-prod-aps-prodcp1aps,ec467f69-6351-4aa6-862b-28616dff0d3a,Management group - Tenant Root Group,6,05-14-24,05-14-27,CSP,N/A,N/A,"$52,560",Active,AS-154482,SP_CTX_CVAD_3Y_05_15_24_EX14,29-09-2025 14:37,14-May-27,>90 Days,,40.00%,"$35,040.",,,,,https://csg-engops.atlassian.net/jira/servicedesk/assets/object/154482
Azure,CSP,CVAD,xaxd-prod-us-prodcp11,341591b4-b3d1-4a09-8e72-0060035ae309,Management group - Tenant Root Group,9,05-14-24,05-14-27,CSP,N/A,N/A,"$76,212",Active,AS-154483,SP_CTX_CVAD_3Y_05_15_24_EX15,29-09-2025 14:37,14-May-27,>90 Days,,40.00%,"$50,808.",,,,,https://csg-engops.atlassian.net/jira/servicedesk/assets/object/154483
Azure,CSP,CVAD,xaxd-prod-us-prodcp2,7e5b97ea-8350-47f7-84a1-00173df68f70,Management group - Tenant Root Group,21,05-14-24,05-14-27,CSP,N/A,N/A,"$1,83,960",Active,AS-154484,SP_CTX_CVAD_3Y_05_15_24_EX16,29-09-2025 14:37,14-May-27,>90 Days,,40.00%,"$1,22,640.",,,,,https://csg-engops.atlassian.net/jira/servicedesk/assets/object/154484
Azure,CSP,CVAD,xaxd-prod-us-prodcp7,a27fb4c1-1455-40ef-8136-e491a80f0276,Management group - Tenant Root Group,28,05-14-24,05-14-27,CSP,N/A,N/A,"$2,45,280",Active,AS-154485,SP_CTX_CVAD_3Y_05_15_24_EX18,29-09-2025 14:37,14-May-27,>90 Days,,40.00%,"$1,63,520.",,,,,https://csg-engops.atlassian.net/jira/servicedesk/assets/object/154485
Azure,CSP,CVAD,xaxd-prod-eu-prodcp1eu,8cb7fa5e-fb1a-434d-a3a1-c74eb0f74d6d,Management group - Tenant Root Group,16,05-14-24,05-14-27,CSP,N/A,N/A,"$1,37,532",Active,AS-154486,SP_CTX_CVAD_3Y_05_15_24_EX19,29-09-2025 14:37,14-May-27,>90 Days,,40.00%,"$91,688.",,,,,https://csg-engops.atlassian.net/jira/servicedesk/assets/object/154486
Azure,CSP,CVAD,Canceled?,Canceled?,Management group - Tenant Root Group,3,05-14-24,05-14-27,CSP,N/A,N/A,"$27,769",Active,AS-154487,SP_CTX_CVAD_3Y_05_15_24_EX2,29-09-2025 14:37,14-May-27,>90 Days,,40.00%,"$18,513.",,,,,https://csg-engops.atlassian.net/jira/servicedesk/assets/object/154487
Azure,CSP,CVAD,xaxd-prod-eu-prodcp1eu,8cb7fa5e-fb1a-434d-a3a1-c74eb0f74d6d,Management group - Tenant Root Group,33,05-14-24,05-14-27,CSP,N/A,N/A,"$2,89,080",Active,AS-154488,SP_CTX_CVAD_3Y_05_15_24_EX20,29-09-2025 14:37,14-May-27,>90 Days,,40.00%,"$1,92,720.",,,,,https://csg-engops.atlassian.net/jira/servicedesk/assets/object/154488
Azure,CSP,CVAD,xaxd-prod-us-prodcp2,7e5b97ea-8350-47f7-84a1-00173df68f70,Management group - Tenant Root Group,29,05-14-24,05-14-27,CSP,N/A,N/A,"$2,54,040",Active,AS-154489,SP_CTX_CVAD_3Y_05_15_24_EX21,29-09-2025 14:37,14-May-27,>90 Days,,40.00%,"$1,69,360.",,,,,https://csg-engops.atlassian.net/jira/servicedesk/assets/object/154489
Azure,CSP,CVAD,xaxd-prod-us-prodcp2,7e5b97ea-8350-47f7-84a1-00173df68f70,Management group - Tenant Root Group,20,05-14-24,05-14-27,CSP,N/A,N/A,"$1,70,820",Active,AS-154490,SP_CTX_CVAD_3Y_05_15_24_EX22,29-09-2025 14:37,14-May-27,>90 Days,,40.00%,"$1,13,880.",,,,,https://csg-engops.atlassian.net/jira/servicedesk/assets/object/154490
Azure,CSP,CVAD,xaxd-prod-us-prodcp7,a27fb4c1-1455-40ef-8136-e491a80f0276,Management group - Tenant Root Group,18,05-14-24,05-14-27,CSP,N/A,N/A,"$1,57,680",Active,AS-154491,SP_CTX_CVAD_3Y_05_15_24_EX23,29-09-2025 14:37,14-May-27,>90 Days,,40.00%,"$1,05,120.",,,,,https://csg-engops.atlassian.net/jira/servicedesk/assets/object/154491
Azure,CSP,CVAD,xaxd-prod-us-prodcp11,341591b4-b3d1-4a09-8e72-0060035ae309,Management group - Tenant Root Group,21,05-14-24,05-14-27,CSP,N/A,N/A,"$1,79,580",Active,AS-154492,SP_CTX_CVAD_3Y_05_15_24_EX24,29-09-2025 14:37,14-May-27,>90 Days,,40.00%,"$1,19,720.",,,,,https://csg-engops.atlassian.net/jira/servicedesk/assets/object/154492
Azure,CSP,CVAD,xaxd-prod-us-prodcp2,7e5b97ea-8350-47f7-84a1-00173df68f70,Management group - Tenant Root Group,12,05-14-24,05-14-27,CSP,N/A,N/A,"$1,00,740",Active,AS-154493,SP_CTX_CVAD_3Y_05_15_24_EX25,29-09-2025 14:37,14-May-27,>90 Days,,40.00%,"$67,160.",,,,,https://csg-engops.atlassian.net/jira/servicedesk/assets/object/154493
Azure,CSP,CVAD,xaxd-prod-eu-prodcp5eu,6e7d6c3e-5a05-4926-bcbd-9fd3ce2e16de,Management group - Tenant Root Group,15,05-14-24,05-14-27,CSP,N/A,N/A,"$1,31,400",Active,AS-154494,SP_CTX_CVAD_3Y_05_15_24_EX26,29-09-2025 14:37,14-May-27,>90 Days,,40.00%,"$87,600.",,,,,https://csg-engops.atlassian.net/jira/servicedesk/assets/object/154494
Azure,CSP,CVAD,Canceled?,Canceled?,Management group - Tenant Root Group,6,05-14-24,05-14-27,CSP,N/A,N/A,"$52,560",Active,AS-154495,SP_CTX_CVAD_3Y_05_15_24_EX27,29-09-2025 14:37,14-May-27,>90 Days,,40.00%,"$35,040.",,,,,https://csg-engops.atlassian.net/jira/servicedesk/assets/object/154495
Azure,CSP,CVAD,xaxd-prod-eu-prodcp1eu,8cb7fa5e-fb1a-434d-a3a1-c74eb0f74d6d,Management group - Tenant Root Group,21,05-14-24,05-14-27,CSP,N/A,N/A,"$1,83,960",Active,AS-154496,SP_CTX_CVAD_3Y_05_15_24_EX28,29-09-2025 14:37,14-May-27,>90 Days,,40.00%,"$1,22,640.",,,,,https://csg-engops.atlassian.net/jira/servicedesk/assets/object/154496
Azure,CSP,CVAD,xaxd-prod-us-prodcp2,7e5b97ea-8350-47f7-84a1-00173df68f70,Management group - Tenant Root Group,16,05-14-24,05-14-27,CSP,N/A,N/A,"$1,40,160",Active,AS-154497,SP_CTX_CVAD_3Y_05_15_24_EX29,29-09-2025 14:37,14-May-27,>90 Days,,40.00%,"$93,440.",,,,,https://csg-engops.atlassian.net/jira/servicedesk/assets/object/154497
Azure,CSP,CVAD,xaxd-prod-us-prodcp11,341591b4-b3d1-4a09-8e72-0060035ae309,Management group - Tenant Root Group,13,05-14-24,05-14-27,CSP,N/A,N/A,"$1,09,500",Active,AS-154498,SP_CTX_CVAD_3Y_05_15_24_EX30,29-09-2025 14:37,14-May-27,>90 Days,,40.00%,"$73,000.",,,,,https://csg-engops.atlassian.net/jira/servicedesk/assets/object/154498
Azure,CSP,CVAD,xaxd-prod-aps-prodcp1aps,ec467f69-6351-4aa6-862b-28616dff0d3a,Management group - Tenant Root Group,13,05-14-24,05-14-27,CSP,N/A,N/A,"$1,13,880",Active,AS-154499,SP_CTX_CVAD_3Y_05_15_24_EX31,29-09-2025 14:37,14-May-27,>90 Days,,40.00%,"$75,920.",,,,,https://csg-engops.atlassian.net/jira/servicedesk/assets/object/154499
Azure,CSP,CVAD,xaxd-prod-eu-prodcp6eu,e724e8b6-3642-4a13-a9ef-8c8be6d74442,Management group - Tenant Root Group,6,05-16-24,05-16-27,CSP,N/A,N/A,"$54,312",Active,AS-154500,SP_CTX_CVAD_3Y_05_15_24_EX32,29-09-2025 14:37,16-May-27,>90 Days,,40.00%,"$36,208.",,,,,https://csg-engops.atlassian.net/jira/servicedesk/assets/object/154500
Azure,CSP,CVAD,xaxd-prod-eu-prodcp1eu,8cb7fa5e-fb1a-434d-a3a1-c74eb0f74d6d,Management group - Tenant Root Group,19,05-14-24,05-14-27,CSP,N/A,N/A,"$1,66,440",Active,AS-154501,SP_CTX_CVAD_3Y_05_15_24_EX33,29-09-2025 14:37,14-May-27,>90 Days,,40.00%,"$1,10,960.",,,,,https://csg-engops.atlassian.net/jira/servicedesk/assets/object/154501
Azure,CSP,CVAD,xaxd-prod-us-prodcp10,f872c705-df19-4b01-883c-3e2dd7f25fee,Management group - Tenant Root Group,2,05-16-24,05-16-27,CSP,N/A,N/A,"$18,396",Active,AS-154502,SP_CTX_CVAD_3Y_05_15_24_EX34,29-09-2025 14:37,16-May-27,>90 Days,,40.00%,"$12,264.",,,,,https://csg-engops.atlassian.net/jira/servicedesk/assets/object/154502
Azure,CSP,CVAD,xaxd-prod-eu-prodcp1eu,8cb7fa5e-fb1a-434d-a3a1-c74eb0f74d6d,Management group - Tenant Root Group,16,05-16-24,05-16-27,CSP,N/A,N/A,"$1,35,780",Active,AS-154504,SP_CTX_CVAD_3Y_05_15_24_EX36,29-09-2025 14:37,16-May-27,>90 Days,,40.00%,"$90,520.",,,,,https://csg-engops.atlassian.net/jira/servicedesk/assets/object/154504
Azure,CSP,CVAD,xaxd-prod-eu-prodcp7eu,edec8f56-70fc-44fd-abc8-98f9c2893012,Management group - Tenant Root Group,3,05-16-24,05-16-27,CSP,N/A,N/A,"$22,776",Active,AS-154505,SP_CTX_CVAD_3Y_05_15_24_EX37,29-09-2025 14:37,16-May-27,>90 Days,,40.00%,"$15,184.",,,,,https://csg-engops.atlassian.net/jira/servicedesk/assets/object/154505
Azure,CSP,CVAD,xaxd-prod-us-prodcp2,7e5b97ea-8350-47f7-84a1-00173df68f70,Management group - Tenant Root Group,14,05-16-24,05-16-27,CSP,N/A,N/A,"$1,18,260",Active,AS-154506,SP_CTX_CVAD_3Y_05_15_24_EX38,29-09-2025 14:37,16-May-27,>90 Days,,40.00%,"$78,840.",,,,,https://csg-engops.atlassian.net/jira/servicedesk/assets/object/154506
Azure,CSP,CVAD,xaxd-prod-eu-prodcp6eu,e724e8b6-3642-4a13-a9ef-8c8be6d74442,Management group - Tenant Root Group,7,05-16-24,05-16-27,CSP,N/A,N/A,"$56,940",Active,AS-154507,SP_CTX_CVAD_3Y_05_15_24_EX39,29-09-2025 14:37,16-May-27,>90 Days,,40.00%,"$37,960.",,,,,https://csg-engops.atlassian.net/jira/servicedesk/assets/object/154507
Azure,CSP,CVAD,xaxd-prod-us-prodcp2,7e5b97ea-8350-47f7-84a1-00173df68f70,Management group,13,05-14-24,05-14-27,CSP,N/A,N/A,"$1,10,814",Active,AS-154508,SP_CTX_CVAD_3Y_05_15_24_EX4,29-09-2025 14:37,14-May-27,>90 Days,,40.00%,"$73,876.",,,,,https://csg-engops.atlassian.net/jira/servicedesk/assets/object/154508
Azure,CSP,CVAD,xaxd-prod-eu-prodcp1eu,8cb7fa5e-fb1a-434d-a3a1-c74eb0f74d6d,Management group - Tenant Root Group,11,05-16-24,05-16-27,CSP,N/A,N/A,"$98,112",Active,AS-154509,SP_CTX_CVAD_3Y_05_15_24_EX40,29-09-2025 14:37,16-May-27,>90 Days,,40.00%,"$65,408.",,,,,https://csg-engops.atlassian.net/jira/servicedesk/assets/object/154509
Azure,CSP,CVAD,Canceled?,Canceled?,Management group - Tenant Root Group,16,05-16-24,05-16-27,CSP,N/A,N/A,"$1,41,912",Active,AS-154510,SP_CTX_CVAD_3Y_05_15_24_EX41,29-09-2025 14:37,16-May-27,>90 Days,,40.00%,"$94,608.",,,,,https://csg-engops.atlassian.net/jira/servicedesk/assets/object/154510
Azure,CSP,CVAD,xaxd-prod-eu-prodcp6eu,e724e8b6-3642-4a13-a9ef-8c8be6d74442,Management group - Tenant Root Group,1,05-16-24,05-16-27,CSP,N/A,N/A,"$10,512",Active,AS-154511,SP_CTX_CVAD_3Y_05_15_24_EX42,29-09-2025 14:37,16-May-27,>90 Days,,40.00%,"$7,008.",,,,,https://csg-engops.atlassian.net/jira/servicedesk/assets/object/154511
Azure,CSP,CVAD,xaxd-prod-eu-prodcp7eu,edec8f56-70fc-44fd-abc8-98f9c2893012,Management group - Tenant Root Group,2,05-16-24,05-16-27,CSP,N/A,N/A,"$17,520",Active,AS-154513,SP_CTX_CVAD_3Y_05_15_24_EX43,29-09-2025 14:37,16-May-27,>90 Days,,40.00%,"$11,680.",,,,,https://csg-engops.atlassian.net/jira/servicedesk/assets/object/154513
Azure,CSP,CVAD,xaxd-prod-eu-prodcp1eu,8cb7fa5e-fb1a-434d-a3a1-c74eb0f74d6d,Management group - Tenant Root Group,9,05-16-24,05-16-27,CSP,N/A,N/A,"$80,592",Active,AS-154512,SP_CTX_CVAD_3Y_05_15_24_EX44,29-09-2025 14:37,16-May-27,>90 Days,,40.00%,"$53,728.",,,,,https://csg-engops.atlassian.net/jira/servicedesk/assets/object/154512
Azure,CSP,CVAD,Canceled?,Canceled?,Management group - Tenant Root Group,9,05-14-24,05-14-27,CSP,N/A,N/A,"$78,840",Active,AS-154514,SP_CTX_CVAD_3Y_05_15_24_EX45,29-09-2025 14:37,14-May-27,>90 Days,,40.00%,"$52,560.",,,,,https://csg-engops.atlassian.net/jira/servicedesk/assets/object/154514
Azure,CSP,CVAD,xaxd-prod-us-prodcp7,a27fb4c1-1455-40ef-8136-e491a80f0276,Management group - Tenant Root Group,11,05-16-24,05-16-27,CSP,N/A,N/A,"$91,980",Active,AS-154515,SP_CTX_CVAD_3Y_05_15_24_EX46,29-09-2025 14:37,16-May-27,>90 Days,,40.00%,"$61,320.",,,,,https://csg-engops.atlassian.net/jira/servicedesk/assets/object/154515
Azure,CSP,CVAD,xaxd-prod-us-prodcp7,a27fb4c1-1455-40ef-8136-e491a80f0276,Management group - Tenant Root Group,8,05-16-24,05-16-27,CSP,N/A,N/A,"$70,080",Active,AS-154516,SP_CTX_CVAD_3Y_05_15_24_EX47,29-09-2025 14:37,16-May-27,>90 Days,,40.00%,"$46,720.",,,,,https://csg-engops.atlassian.net/jira/servicedesk/assets/object/154516
Azure,CSP,CVAD,xaxd-prod-us-prodcp7,a27fb4c1-1455-40ef-8136-e491a80f0276,Management group - Tenant Root Group,7,05-16-24,05-16-27,CSP,N/A,N/A,"$61,320",Active,AS-154517,SP_CTX_CVAD_3Y_05_15_24_EX48,29-09-2025 14:37,16-May-27,>90 Days,,40.00%,"$40,880.",,,,,https://csg-engops.atlassian.net/jira/servicedesk/assets/object/154517
Azure,CSP,CVAD,xaxd-prod-us-prodcp7,a27fb4c1-1455-40ef-8136-e491a80f0276,Management group - Tenant Root Group,4,05-16-24,05-16-27,CSP,N/A,N/A,"$35,040",Active,AS-154518,SP_CTX_CVAD_3Y_05_15_24_EX49,29-09-2025 14:37,16-May-27,>90 Days,,40.00%,"$23,360.",,,,,https://csg-engops.atlassian.net/jira/servicedesk/assets/object/154518
Azure,CSP,CVAD,xaxd-prod-us-prodcp2,7e5b97ea-8350-47f7-84a1-00173df68f70,Management group - Tenant Root Group,20,05-14-24,05-14-27,CSP,N/A,N/A,"$1,76,076",Active,AS-154519,SP_CTX_CVAD_3Y_05_15_24_EX5,29-09-2025 14:37,14-May-27,>90 Days,,40.00%,"$1,17,384.",,,,,https://csg-engops.atlassian.net/jira/servicedesk/assets/object/154519
Azure,CSP,CVAD,xaxd-prod-eu-prodcp1eu,8cb7fa5e-fb1a-434d-a3a1-c74eb0f74d6d,Management group - Tenant Root Group,2,05-14-24,05-14-27,CSP,N/A,N/A,"$15,768",Active,AS-154520,SP_CTX_CVAD_3Y_05_15_24_EX6,29-09-2025 14:37,14-May-27,>90 Days,,40.00%,"$10,512.",,,,,https://csg-engops.atlassian.net/jira/servicedesk/assets/object/154520
Azure,CSP,CVAD,xaxd-prod-eu-prodcp1eu,8cb7fa5e-fb1a-434d-a3a1-c74eb0f74d6d,Management group - Tenant Root Group,0,05-14-24,05-14-27,CSP,N/A,N/A,"$2,628",Active,AS-154521,SP_CTX_CVAD_3Y_05_15_24_EX7,29-09-2025 14:37,14-May-27,>90 Days,,40.00%,"$1,752.",,,,,https://csg-engops.atlassian.net/jira/servicedesk/assets/object/154521
Azure,CSP,CVAD,xaxd-prod-aps-prodcp1aps,ec467f69-6351-4aa6-862b-28616dff0d3a,Management group - Tenant Root Group,2,05-14-24,05-14-27,CSP,N/A,N/A,"$17,520",Active,AS-154522,SP_CTX_CVAD_3Y_05_15_24_EX8,29-09-2025 14:37,14-May-27,>90 Days,,40.00%,"$11,680.",,,,,https://csg-engops.atlassian.net/jira/servicedesk/assets/object/154522
Azure,CSP,CVAD,xaxd-prod-eu-prodcp2eu,3ee46132-a0fa-41bd-9115-b0a38127dab2,Management group,27,10-29-24,10-29-27,CSP,N/A,N/A,"$2,36,520",Active,AS-154523,SP_CTX_CVAD_3Y_10_30_24,29-09-2025 14:37,29-Oct-27,>90 Days,,40.00%,"$1,57,680.",,,,,https://csg-engops.atlassian.net/jira/servicedesk/assets/object/154523
Azure,CSP,CVAD,xaxd-prod-eu-prodcp2eu,3ee46132-a0fa-41bd-9115-b0a38127dab2,Management group - Tenant Root Group,27,10-29-24,10-29-27,CSP,N/A,N/A,"$2,36,520",Active,AS-154524,SP_CTX_CVAD_3Y_10_30_24_2,29-09-2025 14:37,29-Oct-27,>90 Days,,40.00%,"$1,57,680.",,,,,https://csg-engops.atlassian.net/jira/servicedesk/assets/object/154524
Azure,CSP,CVAD,xaxd-prod-us-prodcp2,7e5b97ea-8350-47f7-84a1-00173df68f70,Shared,21,11-25-24,11-25-27,CSP,N/A,N/A,"$1,80,018",Active,AS-154525,SP_CTX_CVAD_3Y_11_26_24,29-09-2025 14:37,25-Nov-27,>90 Days,,40.00%,"$1,20,012.",,,,,https://csg-engops.atlassian.net/jira/servicedesk/assets/object/154525
Azure,CSP,CVAD,xaxd-prod-us-prodcp2,7e5b97ea-8350-47f7-84a1-00173df68f70,Management group - Tenant Root Group,21,11-25-24,11-25-27,CSP,N/A,N/A,"$1,80,018",Active,AS-154526,SP_CTX_CVAD_3Y_11_26_24_2,29-09-2025 14:37,25-Nov-27,>90 Days,,40.00%,"$1,20,012.",,,,,https://csg-engops.atlassian.net/jira/servicedesk/assets/object/154526
Azure,CSP,CVAD,xaxd-testing-us-devcp1,42645e67-fbfd-4223-83ee-9241469edb15,Management group - Control Plane,14,12-02-24,12-02-27,CSP,N/A,N/A,"$1,20,187",Active,AS-154527,SP_CTX_CVAD_3Y_12_03_24,29-09-2025 14:37,02-Dec-27,>90 Days,,40.00%,"$80,125.",,,,,https://csg-engops.atlassian.net/jira/servicedesk/assets/object/154527
Azure,CSP,CVAD,xaxd-internal-us-hub,ce85f06b-ec61-44e2-b47b-d554c9d6c679,Management group - Hubs,3,12-02-24,12-02-27,CSP,N/A,N/A,"$24,878",Active,AS-154528,SP_CTX_CVAD_3Y_12_03_24_DEV,29-09-2025 14:37,02-Dec-27,>90 Days,,40.00%,"$16,586.",,,,,https://csg-engops.atlassian.net/jira/servicedesk/assets/object/154528
Azure,CSP,Gateway,NSProd GWY CA kenneth.bell@citrix.com,07f66e85-8874-4a27-80bf-da0df89731fa,Shared,14,11-25-24,11-25-27,CSP,N/A,N/A,"$1,20,012",Active,AS-154529,SP_CTX_GWY_3Y_11_26_24,29-09-2025 14:37,25-Nov-27,>90 Days,,40.00%,"$80,008.",,,,,https://csg-engops.atlassian.net/jira/servicedesk/assets/object/154529
Azure,CSP,Gateway,ses-dev-gwyngs-shared,cb6b9c6e-f4dc-4a07-9c6c-6a0d3d91a454,Management group - Tenant Root Group,14,11-25-24,11-25-27,CSP,N/A,N/A,"$1,20,012",Active,AS-154530,SP_CTX_GWY_3Y_11_26_24_2,29-09-2025 14:37,25-Nov-27,>90 Days,,40.00%,"$80,008.",,,,,https://csg-engops.atlassian.net/jira/servicedesk/assets/object/154530
Azure,CSP,CVAD,ses-dev-gwyngs-shared,cb6b9c6e-f4dc-4a07-9c6c-6a0d3d91a454,Management group - Dev Mgmt Group - WSS,4,11-25-24,11-25-27,CSP,N/A,N/A,"$36,004",Active,AS-154531,SP_CTX_GWY_DEV_3Y_11_26_24,29-09-2025 14:37,25-Nov-27,>90 Days,,40.00%,"$24,002.",,,,,https://csg-engops.atlassian.net/jira/servicedesk/assets/object/154531
Azure,CSP,Gateway,NSStg GWY CA kenneth.bell@citrix.com,03472440-96de-4569-aad8-4dafbeda5ec8,Management group - Staging Mgmt Group - WSS,2,01-02-25,01-01-28,CSP,N/A,N/A,"$13,140",Active,AS-154532,SP_CTX_GWY_STG_3Y_01_02_25,29-09-2025 14:37,01-Jan-28,>90 Days,,40.00%,"$8,760.",,,,,https://csg-engops.atlassian.net/jira/servicedesk/assets/object/154532
Azure,CSP,SBO,ses-cicd-coretools-shared,22d01938-666f-47e4-b135-6034e961b532,Management group - SBOCoretoolJenkins,9,07-09-24,07-09-27,CSP,N/A,N/A,"$78,840",Active,AS-154533,SP_CTX_SBOCT_3Y_07_10_24,29-09-2025 14:37,09-Jul-27,>90 Days,,40.00%,"$52,560.",,,,,https://csg-engops.atlassian.net/jira/servicedesk/assets/object/154533
Azure,CSP,SBO,ses-cicd-coretools-shared,22d01938-666f-47e4-b135-6034e961b532,Management group - SBOCoretoolJenkins,9,08-25-24,08-25-27,CSP,N/A,N/A,"$78,840",Active,AS-154534,SP_CTX_SBOCT_3Y_08_26_24,29-09-2025 14:37,25-Aug-27,>90 Days,,40.00%,"$52,560.",,,,,https://csg-engops.atlassian.net/jira/servicedesk/assets/object/154534
Azure,CSP,SBO,ses-cicd-coretools-shared,22d01938-666f-47e4-b135-6034e961b532,Management group - SBOCoretoolJenkins,6,11-06-24,11-06-27,CSP,N/A,N/A,"$52,560",Active,AS-154535,SP_CTX_SBOCT_3Y_11_07_24,29-09-2025 14:37,06-Nov-27,>90 Days,,40.00%,"$35,040.",,,,,https://csg-engops.atlassian.net/jira/servicedesk/assets/object/154535
Azure,CSP,CVAD,xaxd-prod-us-prodcp7,a27fb4c1-1455-40ef-8136-e491a80f0276,Management group - Tenant Root Group,21,05-14-24,05-14-27,CSP,N/A,N/A,"$1,86,588",Active,AS-154466,SP_CTX-CVAD_3Y_05_15_24_EX4,29-09-2025 14:37,14-May-27,>90 Days,,40.00%,"$1,24,392.",,,,,https://csg-engops.atlassian.net/jira/servicedesk/assets/object/154466
Azure,CSP,CVAD,xaxd-prod-us-prodcp11,341591b4-b3d1-4a09-8e72-0060035ae309,Management group - Tenant Root Group,2,05-14-24,05-14-27,CSP,N/A,N/A,"$17,520",Active,AS-154467,SP_CTX-CVAD_3Y_05_15_24_EX9,29-09-2025 14:37,14-May-27,>90 Days,,40.00%,"$11,680.",,,,,https://csg-engops.atlassian.net/jira/servicedesk/assets/object/154467
Azure,CSP,Gateway,ses-dev-gwyngs-shared,cb6b9c6e-f4dc-4a07-9c6c-6a0d3d91a454,Management group - Dev Mgmt Group - WSS,5,08-10-23,08-10-26,CSP,N/A,N/A,"$45,640",Active,AS-154579,wss_gateway_dev_3-Year_SP_08-11-2023,29-09-2025 14:37,10-Aug-26,>90 Days,,40.00%,"$30,426.",,,,,https://csg-engops.atlassian.net/jira/servicedesk/assets/object/154579
Azure,CSP,Gateway,NSProd GWY CA kenneth.bell@citrix.com,07f66e85-8874-4a27-80bf-da0df89731fa,Management group - Production Mgmt Group - WSS,63,08-10-23,08-10-26,CSP,N/A,N/A,"$5,49,690",Active,AS-154580,wss_gateway_prod_3-Year_SP_08-11-2023,29-09-2025 14:37,10-Aug-26,>90 Days,,40.00%,"$3,66,460.",,,,,https://csg-engops.atlassian.net/jira/servicedesk/assets/object/154580
Azure,CSP,Gateway,NSStg GWY CA kenneth.bell@citrix.com,03472440-96de-4569-aad8-4dafbeda5ec8,Management group - Staging Mgmt Group - WSS,4,08-10-23,08-10-26,CSP,N/A,N/A,"$33,638",Active,AS-154581,wss_gateway_staging_3-Year_SP_08-11-2023,29-09-2025 14:37,10-Aug-26,>90 Days,,40.00%,"$22,426.",,,,,https://csg-engops.atlassian.net/jira/servicedesk/assets/object/154581
AWS,CSP,TIBCO/CSG,Cloud Software Group,617690283163,Shared,25,10-09-24,10-09-27,CSP,N/A,N/A,"$2,19,000",Active,AS-154377,00d36f02-a127-43de-8226-d6d8c2d710cb,29-09-2025 14:37,09-Oct-27,>90 Days,,45.00%,"$1,79,182.",,,,,https://csg-engops.atlassian.net/jira/servicedesk/assets/object/154377
AWS,CSP,Networking,ns-cloud-prod,835822366011,Shared,10,07-29-24,07-29-27,CSP,N/A,N/A,"$87,600",Active,AS-154381,029bed8d-4f79-43cd-b2f7-7f7c732c55a3,29-09-2025 14:37,29-Jul-27,>90 Days,,45.00%,"$71,673.",,,,,https://csg-engops.atlassian.net/jira/servicedesk/assets/object/154381
AWS,CSP,CVAD,XenDesktop.Net Production,540826777393,Shared,10,07-15-24,07-15-27,CSP,N/A,N/A,"$87,600",Active,AS-154378,031f4006-6a8d-47a3-8110-089ed72cbbcf,29-09-2025 14:37,15-Jul-27,>90 Days,,45.00%,"$71,673.",,,,,https://csg-engops.atlassian.net/jira/servicedesk/assets/object/154378
AWS,CSP,Networking,ns-cloud-prod,835822366011,Shared,10,10-03-24,10-03-27,CSP,N/A,N/A,"$87,600",Active,AS-154379,034d5754-5632-4263-b344-195aa3954abc,29-09-2025 14:37,03-Oct-27,>90 Days,,45.00%,"$71,673.",,,,,https://csg-engops.atlassian.net/jira/servicedesk/assets/object/154379
AWS,CSP,Networking,ns-cloud-prod,835822366011,Shared,10,07-29-24,07-29-27,CSP,N/A,N/A,"$87,600",Active,AS-154380,0d83dd50-9253-406e-86a0-8c7e8501afa7,29-09-2025 14:37,29-Jul-27,>90 Days,,45.00%,"$71,673.",,,,,https://csg-engops.atlassian.net/jira/servicedesk/assets/object/154380
AWS,CSP,CVAD,XenDesktop.Net Production,540826777393,Shared,10,07-15-24,07-15-27,CSP,N/A,N/A,"$87,600",Active,AS-154382,104ede4b-c6b1-4f79-97dc-2ed72446b1a4,29-09-2025 14:37,15-Jul-27,>90 Days,,45.00%,"$71,673.",,,,,https://csg-engops.atlassian.net/jira/servicedesk/assets/object/154382
AWS,CSP,CVAD,XenDesktop.Net Production,540826777393,Shared,10,07-15-24,07-15-27,CSP,N/A,N/A,"$87,600",Active,AS-154383,16f64dfb-e017-4a83-a0c5-325cd418ac1c,29-09-2025 14:37,15-Jul-27,>90 Days,,45.00%,"$71,673.",,,,,https://csg-engops.atlassian.net/jira/servicedesk/assets/object/154383
AWS,CSP,TIBCO/CSG,Cloud Software Group,617690283163,Shared,25,10-04-24,10-04-27,CSP,N/A,N/A,"$2,19,000",Active,AS-154384,170434f6-0c05-49d5-bb0a-c79402a7bf76,29-09-2025 14:37,04-Oct-27,>90 Days,,45.00%,"$1,79,182.",,,,,https://csg-engops.atlassian.net/jira/servicedesk/assets/object/154384
AWS,CSP,TIBCO/CSG,Cloud Software Group,617690283163,Shared,25,01-09-24,01-08-27,CSP,N/A,N/A,"$2,19,000",Active,AS-154387,279a6893-d745-4479-a6ae-026a1f72a291,29-09-2025 14:37,08-Jan-27,>90 Days,,45.00%,"$1,79,182.",,,,,https://csg-engops.atlassian.net/jira/servicedesk/assets/object/154387
AWS,CSP,Networking,ns-cloud-prod,835822366011,Shared,10,07-29-24,07-29-27,CSP,N/A,N/A,"$87,600",Active,AS-154386,3c9a3ceb-2991-4501-8ab0-18d8f33102b2,29-09-2025 14:37,29-Jul-27,>90 Days,,45.00%,"$71,673.",,,,,https://csg-engops.atlassian.net/jira/servicedesk/assets/object/154386
AWS,CSP,Networking,ns-cloud-prod,835822366011,Shared,10,07-29-24,07-29-27,CSP,N/A,N/A,"$87,600",Active,AS-154388,43cb5ec5-7a36-4f69-9355-c0ba72d4dc09,29-09-2025 14:37,29-Jul-27,>90 Days,,45.00%,"$71,673.",,,,,https://csg-engops.atlassian.net/jira/servicedesk/assets/object/154388
AWS,CSP,Networking,ns-cloud-prod,835822366011,Shared,5,09-30-24,09-30-27,CSP,N/A,N/A,"$43,800",Active,AS-154389,47555227-82b1-459d-a2ef-3137c3f703c8,29-09-2025 14:37,30-Sep-27,>90 Days,,45.00%,"$35,836.",,,,,https://csg-engops.atlassian.net/jira/servicedesk/assets/object/154389
AWS,CSP,CVAD,XenDesktop.Net Production,540826777393,Shared,10,07-15-24,07-15-27,CSP,N/A,N/A,"$87,600",Active,AS-154390,49a10474-14a2-40c3-ba15-2a142f22e61e,29-09-2025 14:37,15-Jul-27,>90 Days,,45.00%,"$71,673.",,,,,https://csg-engops.atlassian.net/jira/servicedesk/assets/object/154390
AWS,CSP,Networking,ns-cloud-prod,835822366011,Shared,10,07-29-24,07-29-27,CSP,N/A,N/A,"$87,600",Active,AS-154391,4c576ad2-fa26-49a5-bbda-5a045d624f7c,29-09-2025 14:37,29-Jul-27,>90 Days,,45.00%,"$71,673.",,,,,https://csg-engops.atlassian.net/jira/servicedesk/assets/object/154391
AWS,CSP,CVAD,XenDesktop.Net Production,540826777393,Shared,10,07-15-24,07-15-27,CSP,N/A,N/A,"$87,600",Active,AS-154392,557e2917-8f65-4a28-b618-786b94c96745,29-09-2025 14:37,15-Jul-27,>90 Days,,45.00%,"$71,673.",,,,,https://csg-engops.atlassian.net/jira/servicedesk/assets/object/154392
AWS,CSP,Networking,ns-cloud-prod,835822366011,Shared,10,07-29-24,07-29-27,CSP,N/A,N/A,"$87,600",Active,AS-154393,589f864d-ef37-452a-a0eb-37e99f6e8818,29-09-2025 14:37,29-Jul-27,>90 Days,,45.00%,"$71,673.",,,,,https://csg-engops.atlassian.net/jira/servicedesk/assets/object/154393
AWS,CSP,CVAD,XenDesktop.Net Production,540826777393,Shared,10,07-15-24,07-15-27,CSP,N/A,N/A,"$87,600",Active,AS-154394,5ad680a2-83cf-4144-ab52-144509ca364a,29-09-2025 14:37,15-Jul-27,>90 Days,,45.00%,"$71,673.",,,,,https://csg-engops.atlassian.net/jira/servicedesk/assets/object/154394
AWS,CSP,CVAD,XenDesktop.Net Production,540826777393,Shared,10,07-15-24,07-15-27,CSP,N/A,N/A,"$87,600",Active,AS-154395,62c63789-5aff-4c1d-a49f-508ce52ec783,29-09-2025 14:37,15-Jul-27,>90 Days,,45.00%,"$71,673.",,,,,https://csg-engops.atlassian.net/jira/servicedesk/assets/object/154395
AWS,CSP,CVAD,XenDesktop.Net Production,540826777393,Shared,10,07-15-24,07-15-27,CSP,N/A,N/A,"$87,600",Active,AS-154396,6669bf53-4215-497d-8eb1-a4bce9e8019a,29-09-2025 14:37,15-Jul-27,>90 Days,,45.00%,"$71,673.",,,,,https://csg-engops.atlassian.net/jira/servicedesk/assets/object/154396
AWS,CSP,CVAD,XenDesktop.Net Production,540826777393,Shared,10,07-15-24,07-15-27,CSP,N/A,N/A,"$87,600",Active,AS-154397,66d76d60-8d98-4061-9d79-a420b93c185c,29-09-2025 14:37,15-Jul-27,>90 Days,,45.00%,"$71,673.",,,,,https://csg-engops.atlassian.net/jira/servicedesk/assets/object/154397
AWS,CSP,Tibco,TIBCO Software Inc.,617690283163,Shared,25,12-10-24,12-10-27,CSP,N/A,N/A,"$2,19,000",Active,AS-154398,7592650e-0d8f-4e54-85d7-06293c84f468,29-09-2025 14:37,10-Dec-27,>90 Days,,45.00%,"$1,79,182.",,,,,https://csg-engops.atlassian.net/jira/servicedesk/assets/object/154398
AWS,CSP,CVAD,XenDesktop.Net Production,540826777393,Shared,10,07-15-24,07-15-27,CSP,N/A,N/A,"$87,600",Active,AS-154399,7b9f8b73-bbd8-4477-acc7-34a73066d5f2,29-09-2025 14:37,15-Jul-27,>90 Days,,45.00%,"$71,673.",,,,,https://csg-engops.atlassian.net/jira/servicedesk/assets/object/154399
AWS,CSP,TIBCO/CSG,Cloud Software Group,617690283163,Shared,25,10-03-24,10-03-27,CSP,N/A,N/A,"$2,19,000",Active,AS-154400,87a648f6-850b-43ea-a72e-15484c875a8f,29-09-2025 14:37,03-Oct-27,>90 Days,,45.00%,"$1,79,182.",,,,,https://csg-engops.atlassian.net/jira/servicedesk/assets/object/154400
AWS,CSP,Networking,ns-cloud-prod,835822366011,Shared,10,07-29-24,07-29-27,CSP,N/A,N/A,"$87,600",Active,AS-154401,97282c04-d6d9-48ab-8377-334df18a0fe7,29-09-2025 14:37,29-Jul-27,>90 Days,,45.00%,"$71,673.",,,,,https://csg-engops.atlassian.net/jira/servicedesk/assets/object/154401
AWS,CSP,CEM,XenMobile Payer,829295758203,Shared,10,07-17-24,07-17-25,CSP,N/A,N/A,"$87,600",Expired,AS-154402,99b75e44-910f-4ada-9519-2607a4a339a0,29-09-2025 14:37,17-Jul-25,Overdue,,25.00%,"$29,200.",,,,,https://csg-engops.atlassian.net/jira/servicedesk/assets/object/154402
AWS,CSP,CVAD,XenDesktop.Net Production,540826777393,Shared,10,07-15-24,07-15-27,CSP,N/A,N/A,"$87,600",Active,AS-154403,9de0f037-7657-478f-81be-8daf6d1bc92c,29-09-2025 14:37,15-Jul-27,>90 Days,,45.00%,"$71,673.",,,,,https://csg-engops.atlassian.net/jira/servicedesk/assets/object/154403
AWS,CSP,Networking,ns-cloud-prod,835822366011,Shared,10,07-29-24,07-29-27,CSP,N/A,N/A,"$87,600",Active,AS-154404,9dfecc41-5113-46a1-97cb-08ef3fdbc97d,29-09-2025 14:37,29-Jul-27,>90 Days,,45.00%,"$71,673.",,,,,https://csg-engops.atlassian.net/jira/servicedesk/assets/object/154404
AWS,CSP,CVAD,XenDesktop.Net Production,540826777393,Shared,10,07-15-24,07-15-27,CSP,N/A,N/A,"$87,600",Active,AS-154536,a5329f7a-8a89-4bc5-9a83-e48948ac4d5d,29-09-2025 14:37,15-Jul-27,>90 Days,,45.00%,"$71,673.",,,,,https://csg-engops.atlassian.net/jira/servicedesk/assets/object/154536
AWS,CSP,TIBCO/CSG,Scribe Production,078842340713,Shared,50,09-05-23,09-04-26,CSP,N/A,N/A,"$4,38,000",Active,AS-154537,b4e5c59e-e2b0-4e84-ad3a-2fe5793944f4,29-09-2025 14:37,04-Sep-26,>90 Days,,45.00%,"$3,58,364.",,,,,https://csg-engops.atlassian.net/jira/servicedesk/assets/object/154537
AWS,CSP,Networking,ns-cloud-prod,835822366011,Shared,10,07-29-24,07-29-27,CSP,N/A,N/A,"$87,600",Active,AS-154538,b73546ee-7c5c-48cf-a423-10b7144bad72,29-09-2025 14:37,29-Jul-27,>90 Days,,45.00%,"$71,673.",,,,,https://csg-engops.atlassian.net/jira/servicedesk/assets/object/154538
AWS,CSP,CVAD,XenDesktop.Net Production,540826777393,Shared,10,07-15-24,07-15-27,CSP,N/A,N/A,"$87,600",Active,AS-154539,bc0b2e1b-051f-473f-91b5-f44c60a7812c,29-09-2025 14:37,15-Jul-27,>90 Days,,45.00%,"$71,673.",,,,,https://csg-engops.atlassian.net/jira/servicedesk/assets/object/154539
AWS,CSP,TIBCO/CSG,Scribe Production,078842340713,Shared,50,09-11-23,09-10-26,CSP,N/A,N/A,"$4,38,000",Active,AS-154540,bc6afa17-a357-44b7-8727-39eca8fac673,29-09-2025 14:37,10-Sep-26,>90 Days,,45.00%,"$3,58,364.",,,,,https://csg-engops.atlassian.net/jira/servicedesk/assets/object/154540
AWS,CSP,TIBCO/CSG,Cloud Software Group,617690283163,Shared,50,09-25-23,09-24-26,CSP,N/A,N/A,"$4,38,000",Active,AS-154541,c066a7d0-dc7f-41b7-a7e7-212ccd8113ba,29-09-2025 14:37,24-Sep-26,>90 Days,,45.00%,"$3,58,364.",,,,,https://csg-engops.atlassian.net/jira/servicedesk/assets/object/154541
AWS,CSP,TIBCO/CSG,Cloud Software Group,617690283163,Shared,100,04-14-22,04-13-25,CSP,N/A,N/A,"$8,76,000",Closed,AS-154542,c407d5c6-6bed-4e83-a0aa-386d0945170a,29-09-2025 14:37,13-Apr-25,Overdue,,45.00%,"$7,16,727.",,,,,https://csg-engops.atlassian.net/jira/servicedesk/assets/object/154542
AWS,CSP,TIBCO/CSG,Cloud Software Group,617690283163,Shared,50,04-15-22,04-14-25,CSP,N/A,N/A,"$4,38,000",Closed,AS-154543,c66be778-614a-4793-b8e5-aa11ba4b7aec,29-09-2025 14:37,14-Apr-25,Overdue,,45.00%,"$3,58,364.",,,,,https://csg-engops.atlassian.net/jira/servicedesk/assets/object/154543
Azure,CSP,IT,it-hst-dev-dmz-11661,64a969fa-837e-48d0-b8f2-8b4c003379e4,Single subscription - it-hst-dev-dmz-11661,0,12-04-24,12-04-25,CSP,N/A,N/A,"$2,777",Active,AS-154460,Compute_SavingsPlan_12-05-2024_09-40_it-hst-dev-dmz-11661,29-09-2025 14:37,04-Dec-25,Overdue,,15.00%,$490.,,,,,https://csg-engops.atlassian.net/jira/servicedesk/assets/object/154460
Azure,CSP,IT,it-hst-prd-dmz-11661,92ffec05-4de9-4b14-a7bc-7eea0cb0ee4c,Single subscription - it-hst-prd-dmz-11661,2,12-04-24,12-04-25,CSP,N/A,N/A,"$14,165",Active,AS-154461,Compute_SavingsPlan_12-05-2024_09-46_it-hst-prd-dmz-11661,29-09-2025 14:37,04-Dec-25,Overdue,,15.00%,"$2,500.",,,,,https://csg-engops.atlassian.net/jira/servicedesk/assets/object/154461
Azure,CSP,IT,it-prod-iti-network-11661,23e52e1d-01d8-4de8-b09e-11a0f841bf01,Single subscription - it-prod-iti-network-11661,2,07-30-24,07-30-25,CSP,N/A,N/A,"$14,857",Expired,AS-154462,Compute_SavingsPlan_it-prod-iti-network-11661_2024,29-09-2025 14:37,30-Jul-25,Overdue,,15.00%,"$2,622.",,,,,https://csg-engops.atlassian.net/jira/servicedesk/assets/object/154462
Azure,CSP,IT,it-prod-iti-sharedservices-11661,680ac4a2-b158-42ce-af8a-75ff0e6cf32e,Management group - ITI Shared Services,4,07-31-24,07-31-25,CSP,N/A,N/A,"$33,936",Expired,AS-154463,Compute_SavingsPlan_it-prod-iti-sharedservices-11661_2024,29-09-2025 14:37,31-Jul-25,Overdue,,15.00%,"$5,989.",,,,,https://csg-engops.atlassian.net/jira/servicedesk/assets/object/154463
Azure,CSP,IT,subscription-biz_apps-dev-84000,ad9e5d55-230f-4280-87a4-f263c4444c2d,Single subscription - subscription-biz_apps-dev-84000,4,12-09-24,12-09-25,CSP,N/A,N/A,"$35,802",Active,AS-154464,Compute_SavingsPlan_subscription-biz_apps-dev,29-09-2025 14:37,09-Dec-25,Overdue,,15.00%,"$6,318.",,,,,https://csg-engops.atlassian.net/jira/servicedesk/assets/object/154464
Azure,CSP,IT,subscription-biz_apps-prd-84000,b0fce8c4-9a92-4e91-86f9-6c31d0df2ae5,Single subscription - subscription-biz_apps-prd-84000,5,12-09-24,12-09-25,CSP,N/A,N/A,"$42,679",Active,AS-154465,Compute_SavingsPlan_subscriptoin-biz_apps-prd-84000-1yr,29-09-2025 14:37,09-Dec-25,Overdue,,15.00%,"$7,532.",,,,,https://csg-engops.atlassian.net/jira/servicedesk/assets/object/154465
AWS,CSP,Networking,ns-cloud-prod,835822366011,Shared,10,07-29-24,07-29-27,CSP,N/A,N/A,"$87,600",Active,AS-154546,d006e2a5-5b82-4116-9213-66a29f64c803,29-09-2025 14:37,29-Jul-27,>90 Days,,45.00%,"$71,673.",,,,,https://csg-engops.atlassian.net/jira/servicedesk/assets/object/154546
AWS,CSP,CVAD,XenDesktop.Net Production,540826777393,Shared,10,07-15-24,07-15-27,CSP,N/A,N/A,"$87,600",Active,AS-154547,d0460c4d-b894-49b6-a758-d9394b0a05f9,29-09-2025 14:37,15-Jul-27,>90 Days,,45.00%,"$71,673.",,,,,https://csg-engops.atlassian.net/jira/servicedesk/assets/object/154547
AWS,CSP,CVAD,XenDesktop.Net Production,540826777393,Shared,10,07-15-24,07-15-27,CSP,N/A,N/A,"$87,600",Active,AS-154548,d33fffea-630d-4e5f-a96b-21affc7ab4b8,29-09-2025 14:37,15-Jul-27,>90 Days,,45.00%,"$71,673.",,,,,https://csg-engops.atlassian.net/jira/servicedesk/assets/object/154548
AWS,CSP,CVAD,XenDesktop.Net Production,540826777393,Shared,10,07-15-24,07-15-27,CSP,N/A,N/A,"$87,600",Active,AS-154549,d3986a72-a2cd-4372-a25d-e4da4e451e3d,29-09-2025 14:37,15-Jul-27,>90 Days,,45.00%,"$71,673.",,,,,https://csg-engops.atlassian.net/jira/servicedesk/assets/object/154549
AWS,CSP,CEM,XenMobile Payer,829295758203,Shared,10,07-17-24,07-17-25,CSP,N/A,N/A,"$87,600",Expired,AS-154550,dcdde5ff-be49-4329-a8d3-dfb091feb5ba,29-09-2025 14:37,17-Jul-25,Overdue,,25.00%,"$29,200.",,,,,https://csg-engops.atlassian.net/jira/servicedesk/assets/object/154550
AWS,CSP,NetScaler,ns-cloud-prod,835822366011,Shared,9,07-18-24,07-18-25,CSP,N/A,N/A,"$78,840",Expired,AS-154551,ea6ce4ca-e80d-4450-8f1c-bebf8924fc0b,29-09-2025 14:37,18-Jul-25,Overdue,,,,,,,,https://csg-engops.atlassian.net/jira/servicedesk/assets/object/154551
AWS,CSP,Networking,ns-cloud-prod,835822366011,Shared,10,07-29-24,07-29-27,CSP,N/A,N/A,"$87,600",Active,AS-154552,f61cabd8-bf58-412a-a4c1-acea2afed904,29-09-2025 14:37,29-Jul-27,>90 Days,,45.00%,"$71,673.",,,,,https://csg-engops.atlassian.net/jira/servicedesk/assets/object/154552
AWS,CSP,Networking,ns-cloud-prod,835822366011,Shared,10,07-29-24,07-29-27,CSP,N/A,N/A,"$87,600",Active,AS-154553,f7453c82-9a1c-4ba7-ac4f-232ce2ebc176,29-09-2025 14:37,29-Jul-27,>90 Days,,45.00%,"$71,673.",,,,,https://csg-engops.atlassian.net/jira/servicedesk/assets/object/154553
AWS,CSP,CVAD,XenDesktop.Net Production,540826777393,Shared,10,07-15-24,07-15-27,CSP,N/A,N/A,"$87,600",Active,AS-154554,fcd2734c-34fa-46c8-96e6-fec1f23569d8,29-09-2025 14:37,15-Jul-27,>90 Days,,45.00%,"$71,673.",,,,,https://csg-engops.atlassian.net/jira/servicedesk/assets/object/154554
AWS,CSP,Networking,ns-cloud-prod,835822366011,Shared,5,09-30-24,09-30-27,CSP,N/A,N/A,"$43,800",Active,AS-154555,fe1a209c-ea6a-4bae-b30f-94366b5fc624,29-09-2025 14:37,30-Sep-27,>90 Days,,45.00%,"$35,836.",,,,,https://csg-engops.atlassian.net/jira/servicedesk/assets/object/154555
AWS,CSP,CSG,Cloud Software Group,617690283163,Shared,25,04-22-25,04-21-28,CSP,,,"$2,19,000",Active,AS-170486,550d0937-7f87-40b2-b9aa-c0f5141a751e,29-09-2025 14:37,21-Apr-28,>90 Days,,45.00%,"$1,00,000.",657000,,,,https://csg-engops.atlassian.net/jira/servicedesk/assets/object/170486
AWS,CSP,CSG,Cloud Software Group,617690283163,Shared,25,05-19-25,05-18-28,CSP,,,"$2,19,000",Active,AS-170485,a7787ad9-1f72-4650-ac9b-97f34ca0e253,29-09-2025 14:37,18-May-28,>90 Days,,38.00%,"$82,800.",657000,,,,https://csg-engops.atlassian.net/jira/servicedesk/assets/object/170485
GCP,CUD - Flexible,019F28-E683DB-494B7C,BillingAccount: Cloud Software Group,79804f2c-7e12-4d25-b68f-6e5e4a6d9852,,4,03-04-24,03-04-27,CUD,,,,Active,AS-155163,monthly Flexible CUD (March),29-09-2025 14:37,04-Mar-27,>90 Days,,45.00%,"$28,669.",,,,,https://csg-engops.atlassian.net/jira/servicedesk/assets/object/155163
GCP,CUD - Flexible,019F28-E683DB-494B7C,BillingAccount: Cloud Software Group,1de4d405-1a0d-447b-ba3e-7d5d9d85bdb4,,1,03-01-24,03-01-27,CUD,,,,Active,AS-155165,test,29-09-2025 14:37,01-Mar-27,>90 Days,,45.00%,"$7,167.",,,,,https://csg-engops.atlassian.net/jira/servicedesk/assets/object/155165
Azure,RI,CVAD,seccomp-gov-prod,2f5300f0-963b-4188-ad2c-141d3ab1f0d6,Single,,07-13-25,07-12-28,Compute,D2ads_v5,US Gov Texas,"$2,143",Active,AS-175068,RI_RPG_USGOVTX_Dadsv5_07-14-25_3yr,29-09-2025 14:37,12-Jul-28,>90 Days,5,,,6430,,,,https://csg-engops.atlassian.net/jira/servicedesk/assets/object/175068
Azure,RI,CVAD,seccomp-gov-prod,2f5300f0-963b-4188-ad2c-141d3ab1f0d6,Single,,07-14-25,07-13-28,Compute,Dadsv5,US Gov Virginia,"$2,166",Active,AS-175067,RI_RPG_USGOVVA_Dadsv5_07-11-25_3yr,29-09-2025 14:37,13-Jul-28,>90 Days,5,,,6500,,,,https://csg-engops.atlassian.net/jira/servicedesk/assets/object/175067
AWS,RI,Networking,ns-cloud-prod,835822366011,Shared,,11-28-24,11-28-25,Redis - Elasticache,cache.m6g.large,ap-south-1,"$1,808",Active,AS-154565,ri-ap-south-1-m6gl-2024,29-09-2025 14:37,28-Nov-25,Overdue,2,30.00%,$775.,150.63,0.58,0.6,,https://csg-engops.atlassian.net/jira/servicedesk/assets/object/154565
AWS,RI,Networking,ns-cloud-prod,835822366011,Shared,,11-28-24,11-28-25,Redis - Elasticache,cache.t4g.medium,ap-south-1,$937,Active,AS-154566,ri-ap-south-1-t4gm-2024,29-09-2025 14:37,28-Nov-25,Overdue,2,30.00%,$401.,78.06,0.58,0.6,,https://csg-engops.atlassian.net/jira/servicedesk/assets/object/154566
AWS,RI,Networking,ns-cloud-prod,835822366011,Shared,,11-28-24,11-28-25,Redis - Elasticache,cache.m6g.large,eu-central-1,"$2,060",Active,AS-154567,ri-eu-central-1-m6gl-2024,29-09-2025 14:37,28-Nov-25,Overdue,2,30.00%,$883.,171.64,0.58,0.6,,https://csg-engops.atlassian.net/jira/servicedesk/assets/object/154567
AWS,RI,Networking,ns-cloud-prod,835822366011,Shared,,11-28-24,11-28-25,Redis - Elasticache,cache.t4g.small,eu-central-1,$432,Active,AS-154568,ri-eu-central-1-t4gs-2024,29-09-2025 14:37,28-Nov-25,Overdue,2,30.00%,$185.,35.98,0.58,0.6,,https://csg-engops.atlassian.net/jira/servicedesk/assets/object/154568
AWS,RI,Networking,ns-cloud-prod,835822366011,Shared,,11-28-24,11-28-25,Redis - Elasticache,cache.m6g.large,eu-west-2,"$2,003",Active,AS-154569,ri-eu-west-2-m6gl-2024,29-09-2025 14:37,28-Nov-25,Overdue,2,30.00%,$858.,166.9,0.58,0.6,,https://csg-engops.atlassian.net/jira/servicedesk/assets/object/154569
AWS,RI,Networking,ns-cloud-prod,835822366011,Shared,,11-28-24,11-28-25,Redis - Elasticache,cache.m6g.2xlarge,us-east-1,"$6,984",Active,AS-154570,ri-us-east-1-m6g2xl-2024,29-09-2025 14:37,28-Nov-25,Overdue,2,30.00%,"$2,993.",581.97,0.58,0.6,,https://csg-engops.atlassian.net/jira/servicedesk/assets/object/154570
AWS,RI,Networking,ns-cloud-prod,835822366011,Shared,,11-28-24,11-28-25,Redis - Elasticache,cache.m6g.large,us-east-1,"$7,029",Active,AS-154572,ri-us-east-1-m6gl-2024,29-09-2025 14:37,28-Nov-25,Overdue,8,30.00%,"$3,012.",585.75,0.58,0.6,,https://csg-engops.atlassian.net/jira/servicedesk/assets/object/154572
AWS,RI,Networking,ns-cloud-prod,835822366011,Shared,,11-28-24,11-28-25,Redis - Elasticache,cache.t4g.medium,us-east-1,"$3,789",Active,AS-154573,ri-us-east-1-t4gm-2024,29-09-2025 14:37,28-Nov-25,Overdue,10,30.00%,"$1,624.",315.73,0.58,0.6,,https://csg-engops.atlassian.net/jira/servicedesk/assets/object/154573
AWS,RI,Networking,ns-cloud-prod,835822366011,Shared,,11-28-24,11-28-25,Redis - Elasticache,cache.t4g.small,us-east-1,$379,Active,AS-154574,ri-us-east-1-t4gs-2024,29-09-2025 14:37,28-Nov-25,Overdue,2,30.00%,$162.,31.57,0.58,0.6,,https://csg-engops.atlassian.net/jira/servicedesk/assets/object/154574
AWS,RI,Networking,ns-cloud-prod,835822366011,Shared,,11-28-24,11-28-25,Redis - Elasticache,cache.m6g.large,us-east-2,"$3,510",Active,AS-154575,ri-us-east-2-m6gl-2024,29-09-2025 14:37,28-Nov-25,Overdue,4,30.00%,"$1,504.",292.54,0.58,0.6,,https://csg-engops.atlassian.net/jira/servicedesk/assets/object/154575
AWS,RI,Networking,ns-cloud-prod,835822366011,Shared,,11-28-24,11-28-25,Redis - Elasticache,cache.m6g.large,us-west-1,"$1,754",Active,AS-154576,ri-us-west-1-m6gl-2024,29-09-2025 14:37,28-Nov-25,Overdue,2,30.00%,$752.,146.19,0.58,0.6,,https://csg-engops.atlassian.net/jira/servicedesk/assets/object/154576
AWS,RI,Networking,ns-cloud-prod,835822366011,Shared,,11-28-24,11-28-25,Redis - Elasticache,cache.m6g.large,us-west-2,"$1,754",Active,AS-154577,ri-us-west-2-m6gl-2024,29-09-2025 14:37,28-Nov-25,Overdue,2,30.00%,$752.,146.15,0.58,0.6,,https://csg-engops.atlassian.net/jira/servicedesk/assets/object/154577
AWS,RI,Networking,ns-cloud-prod,835822366011,Shared,,11-28-24,11-28-25,Redis - Elasticache,cache.t4g.medium,us-west-2,"$3,781",Active,AS-154578,ri-us-west-2-t4gm-2024,29-09-2025 14:37,28-Nov-25,Overdue,10,30.00%,"$1,621.",315.11,0.58,0.6,,https://csg-engops.atlassian.net/jira/servicedesk/assets/object/154578
AWS,RI,Networking,Cloud Software Group,617690283163,Shared,,05-29-25,05-29-26,RDS - Aurora PostgreSQL,db.r6g.large,US East (N. Virginia),,Active,AS-156920,ri-2025-05-29-03-10-42-006,29-09-2025 14:37,29-May-26,>90 Days,1,42.00%,$788.4,,0.6,0.6,,https://csg-engops.atlassian.net/jira/servicedesk/assets/object/156920
AWS,RI,Networking,Cloud Software Group,617690283163,Shared,,05-30-25,05-30-26,RDS - Aurora PostgreSQL,db.r6g.large,US East (N. Virginia),,Active,AS-156921,ri-2025-05-30-18-03-46-823,29-09-2025 14:37,30-May-26,>90 Days,6,42.00%,,,0.6,0.6,,https://csg-engops.atlassian.net/jira/servicedesk/assets/object/156921
AWS,RI,Networking,Cloud Software Group,617690283163,Shared,,06-02-25,06-02-26,RDS - Aurora PostgreSQL,db.r6g.large,US East (N. Virginia),,Active,AS-156922,ri-2025-06-02-01-37-26-970,29-09-2025 14:37,02-Jun-26,>90 Days,7,42.00%,,,0.6,0.6,,https://csg-engops.atlassian.net/jira/servicedesk/assets/object/156922
AWS,RI,Networking,Cloud Software Group,617690283163,Shared,,06-04-25,06-04-26,RDS - Aurora PostgreSQL,db.r6g.large,US East (N. Virginia),,Active,AS-156923,ri-2025-06-04-01-41-21-712,29-09-2025 14:37,04-Jun-26,>90 Days,26,42.00%,,,0.6,0.6,,https://csg-engops.atlassian.net/jira/servicedesk/assets/object/156923
AWS,RI,Networking,Cloud Software Group,617690283163,Shared,,06-04-25,06-04-26,RDS - Aurora PostgreSQL,db.r6g.large,US East (Ohio),,Active,AS-156924,ri-2025-06-04-01-42-13-386,29-09-2025 14:37,04-Jun-26,>90 Days,40,42.00%,,,0.6,0.6,,https://csg-engops.atlassian.net/jira/servicedesk/assets/object/156924
AWS,RI,Networking,Cloud Software Group,617690283163,Shared,,06-04-25,06-04-26,RDS - Aurora PostgreSQL,db.r6g.large,Europe (Frankfurt),,Active,AS-156926,ri-2025-06-04-01-43-33-477,29-09-2025 14:37,04-Jun-26,>90 Days,14,33.00%,,,0.6,0.6,,https://csg-engops.atlassian.net/jira/servicedesk/assets/object/156926
AWS,RI,Networking,Cloud Software Group,617690283163,Shared,,06-04-25,06-04-26,RDS - Aurora PostgreSQL,db.r6g.large,Asia Pacific (Mumbai),,Active,AS-156925,ri-2025-06-04-01-51-54-872,29-09-2025 14:37,04-Jun-26,>90 Days,10,31.00%,,,0.6,0.6,,https://csg-engops.atlassian.net/jira/servicedesk/assets/object/156925
AWS,RI,Networking,Cloud Software Group,617690283163,Shared,,06-04-25,06-04-26,RDS - Aurora PostgreSQL,db.r6g.large,Asia Pacific (Sydney),,Active,AS-156927,ri-2025-06-04-01-53-26-373,29-09-2025 14:37,04-Jun-26,>90 Days,20,31.00%,,,0.6,0.6,,https://csg-engops.atlassian.net/jira/servicedesk/assets/object/156927
AWS,RI,Networking,Cloud Software Group,617690283163,Shared,,06-04-25,06-04-26,RDS - Aurora PostgreSQL,db.r6g.large,Europe (Paris),,Active,AS-156928,ri-2025-06-04-01-55-02-624,29-09-2025 14:37,04-Jun-26,>90 Days,20,33.00%,,,0.6,0.6,,https://csg-engops.atlassian.net/jira/servicedesk/assets/object/156928
AWS,RI,Networking,Cloud Software Group,617690283163,Shared,,06-04-25,06-04-26,RDS - Aurora PostgreSQL,db.r6g.large,Europe (London),,Active,AS-156929,ri-2025-06-04-01-56-07-667,29-09-2025 14:37,04-Jun-26,>90 Days,20,33.00%,,,0.6,0.6,,https://csg-engops.atlassian.net/jira/servicedesk/assets/object/156929
AWS,RI,Networking,Cloud Software Group,617690283163,Shared,,06-04-25,06-04-26,RDS - Aurora PostgreSQL,db.r6g.large,US West (N. California),,Active,AS-156930,ri-2025-06-04-01-57-59-714,29-09-2025 14:37,04-Jun-26,>90 Days,20,32.00%,,,0.6,0.6,,https://csg-engops.atlassian.net/jira/servicedesk/assets/object/156930
AWS,RI,Networking,Cloud Software Group,617690283163,Shared,,06-04-25,06-04-26,RDS - Aurora PostgreSQL,db.r6g.large,US West (Oregon),,Active,AS-156931,ri-2025-06-04-01-58-50-959,29-09-2025 14:37,04-Jun-26,>90 Days,20,42.00%,,,0.6,0.6,,https://csg-engops.atlassian.net/jira/servicedesk/assets/object/156931
AWS,RI,Networking,Cloud Software Group,617690283163,Shared,,06-04-25,06-04-26,RDS - Aurora PostgreSQL,db.r6g.large,US East (N. Virginia),,Active,AS-156932,ri-2025-06-04-02-14-44-509,29-09-2025 14:37,04-Jun-26,>90 Days,8,42.00%,,,0.6,0.6,,https://csg-engops.atlassian.net/jira/servicedesk/assets/object/156932
AWS,RI,Networking,ns-cloud-prod,835822366011,Shared,,11-28-24,11-28-25,Redis - Elasticache,cache.m6g.4xlarge,us-east-1,"$13,962",Active,AS-154571,ri-us-east-1-m6g4xl-2024,29-09-2025 14:37,28-Nov-25,Overdue,2,30.00%,"$5,984.",,0.58,0.6,,https://csg-engops.atlassian.net/jira/servicedesk/assets/object/154571
Azure,RI,CVAD,xaxd-prod-us-prodcp4,088daabf-a28a-49b1-8428-c10b92b6b931,Shared,,12-10-24,12-10-27,SqlDatabases,SQLDB_BC_Compute_Gen5,eastus,"$15,600",Active,AS-154385,2CVAD_USEast_SQLDBBC_3-Year_12_10_2024,29-09-2025 14:37,10-Dec-27,>90 Days,13,25.00%,"$5,200.",,,,,https://csg-engops.atlassian.net/jira/servicedesk/assets/object/154385
AWS,RI,CVAD,XenDesktop.Net Production,540826777393,Shared,,01-13-25,01-13-26,Redis - Elasticache,cache.m5.large,us-east-1,"$2,32,140",Active,AS-154544,cachem5largenorthvirginia,29-09-2025 14:37,13-Jan-26,Next 30 days,250,30.00%,"$99,489.",,,,,https://csg-engops.atlassian.net/jira/servicedesk/assets/object/154544
AWS,RI,CVAD,XenDesktop.Net Production,540826777393,Shared,,01-27-25,01-27-26,Redis - Elasticache,cache.m5.large,us-east-1,"$46,428",Active,AS-154545,cachem5largenvirginia2,29-09-2025 14:37,27-Jan-26,Next 30 days,50,30.00%,"$19,898.",,,,,https://csg-engops.atlassian.net/jira/servicedesk/assets/object/154545
Azure,RI,CAS,Citrix Analytics Production 1 (AUT RnD) (Env Prod) (Production),0acc51a8-3378-4cdd-9b83-adf7e6042e9d,Management group,,02-14-23,02-14-26,VirtualMachines,Standard_D2s_v3,australiaeast,"$34,569",Active,AS-154405,CAS_AU_D2sv3_3-Year_02-14-2023,29-09-2025 14:37,14-Feb-26,30-90 Days,75,45.00%,"$28,284.",,,,,https://csg-engops.atlassian.net/jira/servicedesk/assets/object/154405
Azure,RI,CAS,Citrix Analytics Production 1 (AUT RnD) (Env Prod) (Production),0acc51a8-3378-4cdd-9b83-adf7e6042e9d,Management group,,04-28-23,04-28-26,VirtualMachines,Standard_D2s_v3,australiaeast,"$11,523",Active,AS-154406,CAS_AU_D2sv3_3-Year_04-28-2023,29-09-2025 14:37,28-Apr-26,>90 Days,25,45.00%,"$9,428.",,,,,https://csg-engops.atlassian.net/jira/servicedesk/assets/object/154406
Azure,RI,CAS,Citrix Analytics Production 1 (AUT RnD) (Env Prod) (Production),0acc51a8-3378-4cdd-9b83-adf7e6042e9d,Management group,,04-28-23,04-28-26,VirtualMachines,Standard_F2s_v2,australiaeast,"$20,007",Active,AS-154407,CAS_AU_F2sv2_3-Year_04-28-2023,29-09-2025 14:37,28-Apr-26,>90 Days,57,45.00%,"$16,369.",,,,,https://csg-engops.atlassian.net/jira/servicedesk/assets/object/154407
Azure,RI,CAS,Citrix Analytics Production 1 (AUT RnD) (Env Prod) (Production),0acc51a8-3378-4cdd-9b83-adf7e6042e9d,Management group,,04-15-24,04-15-27,VirtualMachines,Standard_D2s_v3,westeurope,"$32,264",Canceled,AS-154408,CAS_EU_D2sv3_3-Year_04-15-2024,29-09-2025 14:37,15-Apr-27,>90 Days,70,45.00%,"$26,398.",,,,,https://csg-engops.atlassian.net/jira/servicedesk/assets/object/154408
Azure,RI,CAS,Citrix Analytics Production 1 (AUT RnD) (Env Prod) (Production),0acc51a8-3378-4cdd-9b83-adf7e6042e9d,Management group,,04-28-23,04-28-26,VirtualMachines,Standard_D2s_v3,westeurope,"$24,890",Canceled,AS-154409,CAS_EU_D2sv3_3-Year_04-28-2023,29-09-2025 14:37,28-Apr-26,>90 Days,86,,,,,,,https://csg-engops.atlassian.net/jira/servicedesk/assets/object/154409
Azure,RI,CAS,0acc51a8-3378-4cdd-9b83-adf7e6042e9d,Citrix Analytics Production 1 (AUT RnD) (Env Prod) (Production),Management group,,05-17-25,05-16-28,VirtualMachines,Standard_F2s_v2,westeurope,"$61,320",Active,AS-155184,CAS_EU_F2sv2_3-Year_05-16-2025,29-09-2025 14:37,16-May-28,>90 Days,221,45.00%,"$50,171.",,,,,https://csg-engops.atlassian.net/jira/servicedesk/assets/object/155184
Azure,RI,CAS,0acc51a8-3378-4cdd-9b83-adf7e6042e9d,Citrix Analytics Production 1 (AUT RnD) (Env Prod) (Production),Management group,,05-17-22,05-17-25,VirtualMachines,Standard_F2s_v2,westeurope,"$61,320",Canceled,AS-154410,CAS_EU_F2sv2_3-Year_05-17-2022,29-09-2025 14:37,17-May-25,Overdue,221,,,,,,,https://csg-engops.atlassian.net/jira/servicedesk/assets/object/154410
Azure,RI,CAS,Citrix Analytics Production 1 (AUT RnD) (Env Prod) (Production),0acc51a8-3378-4cdd-9b83-adf7e6042e9d,Management group,,05-17-22,05-17-25,VirtualMachines,Standard_D2s_v3,eastus2,"$1,32,250",Canceled,AS-154412,CAS_US2_D2sv3_3-Year_05-17-2022,29-09-2025 14:37,17-May-25,Overdue,500,,,,,,,https://csg-engops.atlassian.net/jira/servicedesk/assets/object/154412
Azure,RI,CAS,cas-dev-dailybuild_rnd-shared,61fa4be5-a0c2-404e-b1d5-304e75fafa7b,Single subscription,,06-08-23,06-08-26,VirtualMachines,Standard_D2s_v3,eastus2,"$22,579",Active,AS-154411,CAS_US2_D2sv3_3-Year_06-08-2023,29-09-2025 14:37,08-Jun-26,>90 Days,70,45.00%,"$18,474.",,,,,https://csg-engops.atlassian.net/jira/servicedesk/assets/object/154411
Azure,RI,CAS,Citrix Analytics Production 1 (AUT RnD) (Env Prod) (Production),0acc51a8-3378-4cdd-9b83-adf7e6042e9d,Management group,,02-14-23,02-14-26,VirtualMachines,Standard_D2s_v4,eastus2,"$78,292",Canceled,AS-154413,CAS_US2_D2sv4_3-Year_02-14-2023,29-09-2025 14:37,14-Feb-26,30-90 Days,283,,,,,,,https://csg-engops.atlassian.net/jira/servicedesk/assets/object/154413
Azure,RI,CAS,Citrix Analytics Production 1 (AUT RnD) (Env Prod) (Production),0acc51a8-3378-4cdd-9b83-adf7e6042e9d,Management group,,05-17-22,05-17-25,VirtualMachines,Standard_F2s_v2,eastus2,"$82,826",Canceled,AS-154414,CAS_US2_F2sv2_3-Year_05-17-2022,29-09-2025 14:37,17-May-25,Overdue,396,,,,,,,https://csg-engops.atlassian.net/jira/servicedesk/assets/object/154414
Azure,RI,CAS,Citrix Analytics Production 1 (AUT RnD) (Env Prod) (Production),0acc51a8-3378-4cdd-9b83-adf7e6042e9d,Management group,,05-17-25,05-16-28,VirtualMachines,Standard_F2s_v2,eastus2,"$82,826",Active,AS-155185,CAS_US2_F2sv2_3-Year_05-17-2025,29-09-2025 14:37,16-May-28,>90 Days,396,45.00%,"$67,767.",,,,,https://csg-engops.atlassian.net/jira/servicedesk/assets/object/155185
Azure,RI,CAS,cas-dev-dailybuild_rnd-shared,61fa4be5-a0c2-404e-b1d5-304e75fafa7b,Single subscription,,06-08-23,06-08-26,VirtualMachines,Standard_F2s_v2,eastus2,"$28,512",Active,AS-154415,CAS_US2_F2sv2_3-Year_06-08-2023,29-09-2025 14:37,08-Jun-26,>90 Days,105,45.00%,"$23,328.",,,,,https://csg-engops.atlassian.net/jira/servicedesk/assets/object/154415
Azure,RI,CAS,Citrix Analytics Production 1 (AUT RnD) (Env Prod) (Production),0acc51a8-3378-4cdd-9b83-adf7e6042e9d,Management group,,05-17-25,05-16-28,VirtualMachines,Standard_D2s_v3,eastus2,"$1,32,250",Active,AS-155186,Clone of CAS_US2_D2sv3_3-Year_05-17-2025,29-09-2025 14:37,16-May-28,>90 Days,500,45.00%,"$1,08,204.",,,,,https://csg-engops.atlassian.net/jira/servicedesk/assets/object/155186
GCP,CUD - Resource,00804E-4B6C8E-99491B,prj-prd-iti-ntwk-11661,ecc93a8b-7e70-43a3-becb-0ae3fb9e693a,,,08-01-24,08-01-25,CUD,GENERAL PURPOSE,europe-west4,$120,Active,AS-155151,commitment-20240731-192419,29-09-2025 14:37,01-Aug-25,Overdue,16,55.00%,$147.,,,,,https://csg-engops.atlassian.net/jira/servicedesk/assets/object/155151
GCP,CUD - Resource,019F28-E683DB-494B7C,Hardening Test Project 1,049e64a2-2120-4256-8fb9-881023c6ac16,,,09-28-24,09-28-25,CUD,GENERAL PURPOSE E2,us-east1,$120,Active,AS-155150,commitment-20240927-193640,29-09-2025 14:37,28-Sep-25,Overdue,2,55.00%,$147.,,,,,https://csg-engops.atlassian.net/jira/servicedesk/assets/object/155150
GCP,CUD - Resource,019F28-E683DB-494B7C,Hardening Test Project 1,5e238e30-f036-4638-8508-3dcf46522e65,,,09-28-24,09-28-25,CUD,GENERAL PURPOSE E2,us-east1,$16,Active,AS-155152,commitment-20240927-193905,29-09-2025 14:37,28-Sep-25,Overdue,16,55.00%,$20.,,,,,https://csg-engops.atlassian.net/jira/servicedesk/assets/object/155152
GCP,CUD - Resource,00804E-4B6C8E-99491B,prj-biz-dev-84000,aeffe026-294b-45ce-8861-3a988046f036,,,12-11-24,12-11-25,CUD,GENERAL PURPOSE E2,us-west1,$120,Active,AS-155153,commitment-prj-biz-dev-84000-e2-1yr,29-09-2025 14:37,11-Dec-25,Overdue,93,55.00%,$147.,,,,,https://csg-engops.atlassian.net/jira/servicedesk/assets/object/155153
GCP,CUD - Resource,00804E-4B6C8E-99491B,prj-biz-prd-84000,0fe80016-8708-4334-8acf-0541ff8cf410,,,12-11-24,12-11-25,CUD,GENERAL PURPOSE E2,us-west1,$120,Active,AS-155154,commitment-prj-biz-prd-84000-e2-1yr,29-09-2025 14:37,11-Dec-25,Overdue,63,55.00%,$147.,,,,,https://csg-engops.atlassian.net/jira/servicedesk/assets/object/155154
GCP,CUD - Resource,00804E-4B6C8E-99491B,prj-prd-iti-ntwk-11661,b59d47c1-0424-48b7-8376-721c32993dc6,,,08-01-24,08-01-25,CUD,GENERAL PURPOSE,asia-south1,$136,Active,AS-155155,commitment-prj-prd-iti-ntwk-11661-as-2024,29-09-2025 14:37,01-Aug-25,Overdue,16,55.00%,$166.,,,,,https://csg-engops.atlassian.net/jira/servicedesk/assets/object/155155
GCP,CUD - Resource,00804E-4B6C8E-99491B,prj-prd-iti-ntwk-11661,a6352f94-2540-4a7d-8e97-c167ae326da5,,,08-01-24,08-01-25,CUD,GENERAL PURPOSE,us-east4,$210,Active,AS-155156,commitment-prj-prd-iti-ntwk-11661-ue-2024,29-09-2025 14:37,01-Aug-25,Overdue,16,55.00%,$256.,,,,,https://csg-engops.atlassian.net/jira/servicedesk/assets/object/155156
GCP,CUD - Resource,00804E-4B6C8E-99491B,prj-prd-iti-ntwk-11661,c20b5346-40a9-4f4a-9bb4-d670c8ce9e9a,,,08-01-24,08-01-25,CUD,GENERAL PURPOSE,us-west1,$192,Active,AS-155157,commitment-prj-prd-iti-ntwk-11661-uw-2024,29-09-2025 14:37,01-Aug-25,Overdue,16,55.00%,$235.,,,,,https://csg-engops.atlassian.net/jira/servicedesk/assets/object/155157
GCP,CUD - Resource,00804E-4B6C8E-99491B,prj-prd-iti-self-svc-11661,a6ea0d2b-ab81-48f6-b6b2-9f9028431885,,,08-01-24,08-01-25,CUD,GENERAL PURPOSE E2,asia-south1,$133,Active,AS-155158,commitment-prj-prd-iti-sef-svc-11661-as-2024,29-09-2025 14:37,01-Aug-25,Overdue,31,55.00%,$162.,,,,,https://csg-engops.atlassian.net/jira/servicedesk/assets/object/155158
GCP,CUD - Resource,00804E-4B6C8E-99491B,prj-prd-iti-self-svc-11661,553741dc-33c1-497a-97bb-de9e8362c403,,,08-01-24,08-01-25,CUD,GENERAL PURPOSE E2,europe-west4,$187,Active,AS-155159,commitment-prj-prd-iti-sef-svc-11661-ew-2024,29-09-2025 14:37,01-Aug-25,Overdue,23,55.00%,$228.,,,,,https://csg-engops.atlassian.net/jira/servicedesk/assets/object/155159
GCP,CUD - Resource,00804E-4B6C8E-99491B,prj-prd-iti-self-svc-11661,109f1e90-2ca5-4003-9129-ef43a11507de,,,08-01-24,08-01-25,CUD,GENERAL PURPOSE E2,us-east4,$174,Active,AS-155160,commitment-prj-prd-iti-sef-svc-11661-ue-cpu-2024,29-09-2025 14:37,01-Aug-25,Overdue,62,55.00%,$213.,,,,,https://csg-engops.atlassian.net/jira/servicedesk/assets/object/155160
GCP,CUD - Resource,00804E-4B6C8E-99491B,prj-prd-iti-self-svc-11661,56671a35-b7e3-4ba2-b52d-c3461925bcaf,,,08-01-24,08-01-25,CUD,GENERAL PURPOSE E2,us-east4,,Active,AS-155161,commitment-prj-prd-iti-sef-svc-11661-ue-ram-2024,29-09-2025 14:37,01-Aug-25,Overdue,248,55.00%,$0.,,,,,https://csg-engops.atlassian.net/jira/servicedesk/assets/object/155161
GCP,CUD - Resource,00804E-4B6C8E-99491B,prj-prd-iti-self-svc-11661,0320b29f-9a9a-4a38-9683-7ed86de8cf69,,,08-01-24,08-01-25,CUD,GENERAL PURPOSE E2,us-west1,$145,Active,AS-155162,commitment-prj-prd-iti-sef-svc-11661-uw-2024,29-09-2025 14:37,01-Aug-25,Overdue,23,55.00%,$177.,,,,,https://csg-engops.atlassian.net/jira/servicedesk/assets/object/155162
Azure,RI,CVAD,xaxd-prod-aps-prodcp3aps,a8893e94-6f0a-49f5-8149-d1927fdd5395,Shared,,01-18-24,01-18-27,SqlDatabases,SQLDB_BC_Compute_Gen5,australiaeast,"$57,120",Active,AS-154425,CVAD_AU_SQLDBBC_3-Year_01-18-2024,29-09-2025 14:37,18-Jan-27,>90 Days,40,25.00%,"$19,040.",,,,,https://csg-engops.atlassian.net/jira/servicedesk/assets/object/154425
Azure,RI,CVAD,xaxd-prod-aps-hub,606e9f9a-63fb-46a0-b0af-e98ee9b98849,Shared,,08-04-23,08-04-26,SqlDatabases,SQLDB_GP_Compute_Gen5,australiaeast,"$71,400",Active,AS-154426,CVAD_AU_SQLDBGP_3-Year_08-04-2023,29-09-2025 14:37,04-Aug-26,>90 Days,100,25.00%,"$23,800.",,,,,https://csg-engops.atlassian.net/jira/servicedesk/assets/object/154426
Azure,RI,CVAD,xaxd-prod-aps-prodcp3aps,a8893e94-6f0a-49f5-8149-d1927fdd5395,Shared,,11-26-24,11-26-27,SqlDatabases,SQLDB_BC_Compute_Gen5,australiaeast,"$57,120",Active,AS-154423,CVAD_AUEast_SQLDBBC_3-Year_11_26_2024,29-09-2025 14:37,26-Nov-27,>90 Days,40,25.00%,"$19,040.",,,,,https://csg-engops.atlassian.net/jira/servicedesk/assets/object/154423
Azure,RI,CVAD,xaxd-prod-aps-prodcp3aps,a8893e94-6f0a-49f5-8149-d1927fdd5395,Shared,,10-30-24,10-30-27,SqlDatabases,SQLDB_GP_Compute_Gen5,australiaeast,"$17,850",Active,AS-154424,CVAD_AUEast_SQLDBGP_10_30_2024,29-09-2025 14:37,30-Oct-27,>90 Days,25,25.00%,"$5,950.",,,,,https://csg-engops.atlassian.net/jira/servicedesk/assets/object/154424
Azure,RI,CVAD,xaxd-prod-eu-prodcp2eu,3ee46132-a0fa-41bd-9115-b0a38127dab2,Shared,,01-18-24,01-18-27,SqlDatabases,SQLDB_BC_Compute_Gen5,westeurope,"$3,56,400",Active,AS-154433,CVAD_EU_SQLDBBC_3-Year_01-18-2024,29-09-2025 14:37,18-Jan-27,>90 Days,270,25.00%,"$1,18,800.",,,,,https://csg-engops.atlassian.net/jira/servicedesk/assets/object/154433
Azure,RI,CVAD,xaxd-prod-eu-prodcp2eu,3ee46132-a0fa-41bd-9115-b0a38127dab2,Shared,,12-06-24,12-06-27,SqlDatabases,SQLDB_BC_Compute_Gen5,westeurope,"$13,200",Active,AS-154432,CVAD_EU_SQLDBBC_3-Year_12_06_2024,29-09-2025 14:37,06-Dec-27,>90 Days,10,25.00%,"$4,400.",,,,,https://csg-engops.atlassian.net/jira/servicedesk/assets/object/154432
Azure,RI,CVAD,xaxd-prod-eu-prodcp2eu,3ee46132-a0fa-41bd-9115-b0a38127dab2,Shared,,12-10-24,12-10-27,SqlDatabases,SQLDB_BC_Compute_Gen5,westeurope,"$21,120",Active,AS-154431,CVAD_EU_SQLDBBC_3-Year_12-10-2024,29-09-2025 14:37,10-Dec-27,>90 Days,16,25.00%,"$7,040.",,,,,https://csg-engops.atlassian.net/jira/servicedesk/assets/object/154431
Azure,RI,CVAD,azrpsemeafr-PresalesEMEAFrance,342afe1e-b89b-4ab7-9ea8-3a341889f8b2,Shared,,01-18-24,01-18-27,SqlDatabases,SQLDB_GP_Compute_Gen5,westeurope,"$66,000",Active,AS-154434,CVAD_EU_SQLDBGP_3-Year_01-18-2024,29-09-2025 14:37,18-Jan-27,>90 Days,100,25.00%,"$22,000.",,,,,https://csg-engops.atlassian.net/jira/servicedesk/assets/object/154434
Azure,RI,CVAD,azrpsemeafr-PresalesEMEAFrance,342afe1e-b89b-4ab7-9ea8-3a341889f8b2,Shared,,08-04-23,08-04-26,SqlDatabases,SQLDB_GP_Compute_Gen5,westeurope,"$1,65,000",Active,AS-154435,CVAD_EU_SQLDBGP_3-Year_08-04-2023,29-09-2025 14:37,04-Aug-26,>90 Days,250,25.00%,"$55,000.",,,,,https://csg-engops.atlassian.net/jira/servicedesk/assets/object/154435
Azure,RI,CVAD,xaxd-prod-eu-prodcp2eu,3ee46132-a0fa-41bd-9115-b0a38127dab2,Shared,,10-30-24,10-30-27,SqlDatabases,SQLDB_GP_Compute_Gen5,westeurope,"$29,700",Active,AS-154436,CVAD_EU_SQLDBGP_3-Year_10_30_2024,29-09-2025 14:37,30-Oct-27,>90 Days,45,25.00%,"$9,900.",,,,,https://csg-engops.atlassian.net/jira/servicedesk/assets/object/154436
Azure,RI,CVAD,xaxd-prod-eu-prodcp5eu,6e7d6c3e-5a05-4926-bcbd-9fd3ce2e16de,Shared,,01-18-24,01-18-27,SqlDatabases,SQLDB_BC_Compute_Gen5,northeurope,"$63,648",Active,AS-154427,CVAD_EUN_SQLDBBC_3-Year_01-18-2024,29-09-2025 14:37,18-Jan-27,>90 Days,52,25.00%,"$21,216.",,,,,https://csg-engops.atlassian.net/jira/servicedesk/assets/object/154427
Azure,RI,CVAD,xaxd-prod-eu-prodcp5eu,6e7d6c3e-5a05-4926-bcbd-9fd3ce2e16de,Shared,,11-26-24,11-26-27,SqlDatabases,SQLDB_BC_Compute_Gen5,northeurope,"$73,440",Active,AS-154428,CVAD_EUN_SQLDBBC_3-Year_11_26_2024,29-09-2025 14:37,26-Nov-27,>90 Days,60,25.00%,"$24,480.",,,,,https://csg-engops.atlassian.net/jira/servicedesk/assets/object/154428
Azure,RI,CVAD,xaxd-prod-eu-prodcp5eu,6e7d6c3e-5a05-4926-bcbd-9fd3ce2e16de,Shared,,08-04-23,08-04-26,SqlDatabases,SQLDB_GP_Compute_Gen5,northeurope,"$97,920",Active,AS-154429,CVAD_EUNorth_SQLDBGP_3-Year_08-04-2023,29-09-2025 14:37,04-Aug-26,>90 Days,160,25.00%,"$32,640.",,,,,https://csg-engops.atlassian.net/jira/servicedesk/assets/object/154429
Azure,RI,CVAD,xaxd-prod-eu-prodcp2eu,3ee46132-a0fa-41bd-9115-b0a38127dab2,Shared,,11-26-24,11-26-27,SqlDatabases,SQLDB_BC_Compute_Gen5,westeurope,"$66,000",Active,AS-154430,CVAD_EUW_SQLDBBC_3-Year_11_26_2024,29-09-2025 14:37,26-Nov-27,>90 Days,50,25.00%,"$22,000.",,,,,https://csg-engops.atlassian.net/jira/servicedesk/assets/object/154430
Azure,RI,CVAD,xaxd-prod-aps-prodcp5aps,8fbaa05a-2a45-4541-9d2f-d734672e5acf,Shared,,10-30-24,10-30-27,SqlDatabases,SQLDB_BC_Compute_Gen5,japaneast,"$32,544",Active,AS-154438,CVAD_JapanEast_SQLDBBC_10_30_2024,29-09-2025 14:37,30-Oct-27,>90 Days,24,25.00%,"$10,848.",,,,,https://csg-engops.atlassian.net/jira/servicedesk/assets/object/154438
Azure,RI,CVAD,xaxd-prod-jp-hub,7b22f3cc-7004-4ee0-a5d3-ec213efbd7d0,Shared,,10-30-24,10-30-27,SqlDatabases,SQLDB_GP_Compute_Gen5,japaneast,"$16,950",Active,AS-154439,CVAD_JapanEast_SQLDBGP_10_30_2024,29-09-2025 14:37,30-Oct-27,>90 Days,25,25.00%,"$5,650.",,,,,https://csg-engops.atlassian.net/jira/servicedesk/assets/object/154439
Azure,RI,CVAD,xaxd-prod-jp-prodcp1jp,c09bc4eb-330f-44b0-ab43-aab0721af2c1,Shared,,11-26-24,11-26-27,SqlDatabases,SQLDB_BC_Compute_Gen5,japaneast,"$14,916",Active,AS-154437,CVAD_JP_SQLDBBC_3-Year_11_26_2024,29-09-2025 14:37,26-Nov-27,>90 Days,11,25.00%,"$4,972.",,,,,https://csg-engops.atlassian.net/jira/servicedesk/assets/object/154437
Azure,RI,CVAD,xaxd-prod-eu-prodcp6eu,e724e8b6-3642-4a13-a9ef-8c8be6d74442,Shared,,01-18-24,01-18-27,SqlDatabases,SQLDB_BC_Compute_Gen5,uksouth,"$45,000",Active,AS-154440,CVAD_UKS_SQLDBBC_3-Year_01-18-2024,29-09-2025 14:37,18-Jan-27,>90 Days,30,25.00%,"$15,000.",,,,,https://csg-engops.atlassian.net/jira/servicedesk/assets/object/154440
Azure,RI,CVAD,xaxd-prod-us-prodcp4,088daabf-a28a-49b1-8428-c10b92b6b931,Shared,,10-30-24,10-30-27,SqlDatabases,SQLDB_BC_Compute_Gen5,eastus,"$1,20,000",Active,AS-154441,CVAD_UKSouth_SQLDBBC_3-Year_10_30_2024,29-09-2025 14:37,30-Oct-27,>90 Days,100,25.00%,"$40,000.",,,,,https://csg-engops.atlassian.net/jira/servicedesk/assets/object/154441
Azure,RI,CVAD,xaxd-prod-eu-prodcp6eu,e724e8b6-3642-4a13-a9ef-8c8be6d74442,Shared,,08-04-23,08-04-26,SqlDatabases,SQLDB_GP_Compute_Gen5,uksouth,"$63,750",Active,AS-154442,CVAD_UKSouth_SQLDBGP_3-Year_08-04-2023,29-09-2025 14:37,04-Aug-26,>90 Days,85,25.00%,"$21,250.",,,,,https://csg-engops.atlassian.net/jira/servicedesk/assets/object/154442
Azure,RI,CVAD,xaxd-prod-eu-prodcp6eu,e724e8b6-3642-4a13-a9ef-8c8be6d74442,Shared,,10-30-24,10-30-27,SqlDatabases,SQLDB_GP_Compute_Gen5,uksouth,"$7,500",Active,AS-154443,CVAD_UKSouth_SQLDBGP_3-Year_10_30_2024,29-09-2025 14:37,30-Oct-27,>90 Days,10,25.00%,"$2,500.",,,,,https://csg-engops.atlassian.net/jira/servicedesk/assets/object/154443
Azure,RI,CVAD,gts-qa-shared-it,06ef2347-bb1e-42bf-ab36-cd6dbd7b7a6a,Shared,,01-18-24,01-18-27,SqlDatabases,SQLDB_BC_Compute_Gen5,eastus,"$4,08,000",Active,AS-154455,CVAD_US_SQLDBBC_3-Year_01-18-2024,29-09-2025 14:37,18-Jan-27,>90 Days,340,25.00%,"$1,36,000.",,,,,https://csg-engops.atlassian.net/jira/servicedesk/assets/object/154455
Azure,RI,CVAD,xaxd-prod-us-prodcp4,088daabf-a28a-49b1-8428-c10b92b6b931,Shared,,12-02-24,12-02-27,SqlDatabases,SQLDB_BC_Compute_Gen5,eastus,"$30,000",Active,AS-154456,CVAD_US_SQLDBBC_3-Year_12_02_2024,29-09-2025 14:37,02-Dec-27,>90 Days,25,25.00%,"$10,000.",,,,,https://csg-engops.atlassian.net/jira/servicedesk/assets/object/154456
Azure,RI,CVAD,entapps-qa-integration-shared,0129b204-1385-4972-8b4e-b3fd7ad159e1,Shared,,01-18-24,01-18-27,SqlDatabases,SQLDB_GP_Compute_Gen5,eastus,"$1,32,000",Active,AS-154457,CVAD_US_SQLDBGP_3-Year_01-18-2024,29-09-2025 14:37,18-Jan-27,>90 Days,220,25.00%,"$44,000.",,,,,https://csg-engops.atlassian.net/jira/servicedesk/assets/object/154457
Azure,RI,CVAD,entapps-qa-integration-shared,0129b204-1385-4972-8b4e-b3fd7ad159e1,Shared,,08-04-23,08-04-26,SqlDatabases,SQLDB_GP_Compute_Gen5,eastus,"$2,40,000",Active,AS-154458,CVAD_US_SQLDBGP_3-Year_08-04-2023,29-09-2025 14:37,04-Aug-26,>90 Days,400,25.00%,"$80,000.",,,,,https://csg-engops.atlassian.net/jira/servicedesk/assets/object/154458
Azure,RI,CVAD,xaxd-prod-us-prodcp12,6164d3fe-4def-4f99-86cf-7ee877c9526d,Shared,,01-18-24,01-18-27,SqlDatabases,SQLDB_BC_Compute_Gen5,eastus2,"$2,64,000",Active,AS-154444,CVAD_US2_SQLDBBC_3-Year_01-18-2024,29-09-2025 14:37,18-Jan-27,>90 Days,220,25.00%,"$88,000.",,,,,https://csg-engops.atlassian.net/jira/servicedesk/assets/object/154444
Azure,RI,CVAD,xaxd-prod-us-prodcp12,6164d3fe-4def-4f99-86cf-7ee877c9526d,Shared,,12-10-24,12-10-27,SqlDatabases,SQLDB_BC_Compute_Gen5,eastus2,"$19,200",Active,AS-154445,CVAD_US2_SQLDBBC_3-Year_12-10-2024,29-09-2025 14:37,10-Dec-27,>90 Days,16,25.00%,"$6,400.",,,,,https://csg-engops.atlassian.net/jira/servicedesk/assets/object/154445
Azure,RI,CVAD,xaxd-prod-us-prodcp12,6164d3fe-4def-4f99-86cf-7ee877c9526d,Shared,,08-04-23,08-04-26,SqlDatabases,SQLDB_GP_Compute_Gen5,eastus2,"$1,98,000",Active,AS-154446,CVAD_US2_SQLDBGP_3-Year_08-04-2023,29-09-2025 14:37,04-Aug-26,>90 Days,330,25.00%,"$66,000.",,,,,https://csg-engops.atlassian.net/jira/servicedesk/assets/object/154446
Azure,RI,CVAD,xaxd-prod-us-prodcp6,24bdc45e-ac04-4527-9cfa-04e1d6c4a7f0,Shared,,12-10-24,12-10-27,SqlDatabases,SQLDB_BC_Compute_Gen5,eastus,"$3,600",Active,AS-154449,CVAD_USEast_SQLDBBC_12_10_2024,29-09-2025 14:37,10-Dec-27,>90 Days,3,25.00%,"$1,200.",,,,,https://csg-engops.atlassian.net/jira/servicedesk/assets/object/154449
Azure,RI,CVAD,xaxd-prod-us-prodcp12,6164d3fe-4def-4f99-86cf-7ee877c9526d,Shared,,11-26-24,11-26-27,SqlDatabases,SQLDB_BC_Compute_Gen5,eastus2,"$90,000",Active,AS-154447,CVAD_USEast2_SQLDBBC_3-Year_11_26_2024,29-09-2025 14:37,26-Nov-27,>90 Days,75,25.00%,"$30,000.",,,,,https://csg-engops.atlassian.net/jira/servicedesk/assets/object/154447
Azure,RI,CVAD,xaxd-prod-us-prodcp12,6164d3fe-4def-4f99-86cf-7ee877c9526d,Shared,,10-30-24,10-30-27,SqlDatabases,SQLDB_GP_Compute_Gen5,eastus2,"$36,000",Active,AS-154448,CVAD_USEast2_SQLDBGP_10_30_2024,29-09-2025 14:37,30-Oct-27,>90 Days,60,25.00%,"$12,000.",,,,,https://csg-engops.atlassian.net/jira/servicedesk/assets/object/154448
Azure,RI,CVAD,xaxd-prod-us-prodcp10,f872c705-df19-4b01-883c-3e2dd7f25fee,Shared,,11-26-24,11-26-27,SqlDatabases,SQLDB_GP_Compute_Gen5,northcentralus,$0,Canceled,AS-154450,CVAD_USNC_SQLDBGP_3-Year_11_26_2024,29-09-2025 14:37,26-Nov-27,>90 Days,25,,,,,,,https://csg-engops.atlassian.net/jira/servicedesk/assets/object/154450
Azure,RI,CVAD,xaxd-prod-us-prodcp11,341591b4-b3d1-4a09-8e72-0060035ae309,Shared,,01-18-24,01-18-27,SqlDatabases,SQLDB_BC_Compute_Gen5,southcentralus,"$1,03,680",Active,AS-154451,CVAD_USSC_SQLDBBC_3-Year_01-18-2024,29-09-2025 14:37,18-Jan-27,>90 Days,72,25.00%,"$34,560.",,,,,https://csg-engops.atlassian.net/jira/servicedesk/assets/object/154451
Azure,RI,CVAD,xaxd-prod-us-prodcp11,341591b4-b3d1-4a09-8e72-0060035ae309,Shared,,11-26-24,11-26-27,SqlDatabases,SQLDB_BC_Compute_Gen5,southcentralus,"$64,800",Active,AS-154452,CVAD_USSC_SQLDBBC_3-Year_11_26_2024,29-09-2025 14:37,26-Nov-27,>90 Days,45,25.00%,"$21,600.",,,,,https://csg-engops.atlassian.net/jira/servicedesk/assets/object/154452
Azure,RI,CVAD,ScribeDevOps-ScribeEngineering,3013cd91-1b84-47e1-9f99-34df95bf223a,Shared,,10-30-24,10-30-27,SqlDatabases,SQLDB_GP_Compute_Gen5,southcentralus,"$18,000",Active,AS-154454,CVAD_USSouthCentral_SQLDBGP_10_30_2024,29-09-2025 14:37,30-Oct-27,>90 Days,25,25.00%,"$6,000.",,,,,https://csg-engops.atlassian.net/jira/servicedesk/assets/object/154454
Azure,RI,CVAD,ScribeDevOps-ScribeEngineering,3013cd91-1b84-47e1-9f99-34df95bf223a,Shared,,08-04-23,08-04-26,SqlDatabases,SQLDB_GP_Compute_Gen5,southcentralus,"$1,33,200",Active,AS-154453,CVAD_USSouthCentral_SQLDBGP_3-Year_08-04-2023,29-09-2025 14:37,04-Aug-26,>90 Days,185,25.00%,"$44,400.",,,,,https://csg-engops.atlassian.net/jira/servicedesk/assets/object/154453
GCP,CUD - Resource,00804E-4B6C8E-99491B,prj-biz-dev-84000,a2780f85-7de3-43b0-b28c-310cdcdbddd6,,,12-11-24,12-11-27,CUD,COMPUTE OPTIMIZED C2D,us-west1,$117,Active,AS-155164,prj-biz-dev-84000-c2d-highmemory-3yrs,29-09-2025 14:37,11-Dec-27,>90 Days,14,55.00%,$142.,,,,,https://csg-engops.atlassian.net/jira/servicedesk/assets/object/155164
AWS,RI,Networking,ns-cloud-prod,835822366011,Shared,,05-24-24,05-24-25,RDS -Aurora PostgreSQL,db.r6g.large,ap-south-1,"$53,748",Closed,AS-154556,r6gri-rds-aps1-2024-05-24,29-09-2025 14:37,24-May-25,Overdue,20832,40.00%,"$35,832.",,,,,https://csg-engops.atlassian.net/jira/servicedesk/assets/object/154556
AWS,RI,Networking,ns-cloud-prod,835822366011,Shared,,05-24-24,05-24-25,RDS -Aurora PostgreSQL,db.r6g.large,ap-southeast-2,"$37,069",Closed,AS-154557,r6gri-rds-apse2-2024-05-24,29-09-2025 14:37,24-May-25,Overdue,13440,40.00%,"$24,713.",,,,,https://csg-engops.atlassian.net/jira/servicedesk/assets/object/154557
AWS,RI,Networking,ns-cloud-prod,835822366011,Shared,,05-24-24,05-24-25,RDS -Aurora PostgreSQL,db.r6g.large,eu-central-1,"$74,792",Closed,AS-154558,r6gri-rds-euc1-2024-05-24,29-09-2025 14:37,24-May-25,Overdue,24192,40.00%,"$49,861.",,,,,https://csg-engops.atlassian.net/jira/servicedesk/assets/object/154558
AWS,RI,Networking,ns-cloud-prod,835822366011,Shared,,05-24-24,05-24-25,RDS -Aurora PostgreSQL,db.r6g.large,eu-west-2,"$39,962",Closed,AS-154559,r6gri-rds-euw2-2024-05-24,29-09-2025 14:37,24-May-25,Overdue,13440,40.00%,"$26,641.",,,,,https://csg-engops.atlassian.net/jira/servicedesk/assets/object/154559
AWS,RI,Networking,ns-cloud-prod,835822366011,Shared,,05-24-24,05-24-25,RDS -Aurora PostgreSQL,db.r6g.large,eu-west-3,"$35,069",Closed,AS-154560,r6gri-rds-euw3-2024-05-24,29-09-2025 14:37,24-May-25,Overdue,13440,40.00%,"$23,379.",,,,,https://csg-engops.atlassian.net/jira/servicedesk/assets/object/154560
AWS,RI,Networking,ns-cloud-prod,835822366011,Shared,,05-24-24,05-24-25,RDS -Aurora PostgreSQL,db.r6g.large,us-east-1,"$1,06,243",Closed,AS-154561,r6gri-rds-use1-2024-05-24,29-09-2025 14:37,24-May-25,Overdue,47040,40.00%,"$70,829.",,,,,https://csg-engops.atlassian.net/jira/servicedesk/assets/object/154561
AWS,RI,Networking,ns-cloud-prod,835822366011,Shared,,05-24-24,05-24-25,RDS -Aurora PostgreSQL,db.r6g.large,us-east-2,"$94,101",Closed,AS-154562,r6gri-rds-use2-2024-05-24,29-09-2025 14:37,24-May-25,Overdue,41664,40.00%,"$62,734.",,,,,https://csg-engops.atlassian.net/jira/servicedesk/assets/object/154562
AWS,RI,Networking,ns-cloud-prod,835822366011,Shared,,05-24-24,05-24-25,RDS -Aurora PostgreSQL,db.r6g.large,us-west-1,"$38,515",Closed,AS-154563,r6gri-rds-usw1-2024-05-24,29-09-2025 14:37,24-May-25,Overdue,13440,40.00%,"$25,677.",,,,,https://csg-engops.atlassian.net/jira/servicedesk/assets/object/154563
AWS,RI,Networking,ns-cloud-prod,835822366011,Shared,,05-24-24,05-24-25,RDS -Aurora PostgreSQL,db.r6g.large,us-west-2,"$30,355",Closed,AS-154564,r6gri-rds-usw2-2024-05-24,29-09-2025 14:37,24-May-25,Overdue,13440,40.00%,"$20,237.",,,,,https://csg-engops.atlassian.net/jira/servicedesk/assets/object/154564
